[2m2026-08-14T03:57:54.569526Z[0m [32m INFO[0m Nightshade Native Bridge initialized with file logging
[2m2026-08-14T03:57:54.569548Z[0m [32m INFO[0m Log directory: /tmp/ns-audit/waveF-solver-native/data/logs
[2m2026-08-14T03:57:54.570228Z[0m [32m INFO[0m Nightshade Native API initialized
[2m2026-08-14T03:57:54.570897Z[0m [32m INFO[0m Hot-plug poll watcher started (interval=300s, types=[Camera, Mount, Focuser, FilterWheel, Rotator])
[2m2026-08-14T03:57:54.591456Z[0m [32m INFO[0m Plate-solver preference loaded at startup: astap="/home/scdouglas/.local/share/nightshade-audit/astap/bin/astap_cli" catalog="/home/scdouglas/.local/share/nightshade-audit/astap/bin"
[2m2026-08-14T03:57:54.591485Z[0m [32m INFO[0m Loading observer location from settings: lat=40, lon=40, elev=0
[2m2026-08-14T03:57:54.591649Z[0m [32m INFO[0m USB hotplug listener started
[2m2026-08-14T03:57:54.632501Z[0m [32m INFO[0m Nightshade Native API initialized
[2m2026-08-14T03:57:55.231287Z[0m [32m INFO[0m [API_EVENT_STREAM] Starting event stream function (buffer size: 4096)
[2m2026-08-14T03:57:55.231309Z[0m [32m INFO[0m [API_EVENT_STREAM] Subscribed to event bus
[2m2026-08-14T03:57:55.231345Z[0m [32m INFO[0m [API_EVENT_STREAM] Sent ready signal to Dart
[2m2026-08-14T03:57:55.232329Z[0m [32m INFO[0m [API_EVENT_STREAM] Starting event stream function (buffer size: 4096)
[2m2026-08-14T03:57:55.232338Z[0m [32m INFO[0m [API_EVENT_STREAM] Subscribed to event bus
[2m2026-08-14T03:57:55.232352Z[0m [32m INFO[0m [API_EVENT_STREAM] Sent ready signal to Dart
[2m2026-08-14T03:57:55.284500Z[0m [32m INFO[0m Setting checkpoint directory to: /tmp/ns-audit/waveF-solver-native/data/checkpoints
[2m2026-08-14T03:57:55.287103Z[0m [32m INFO[0m [API] api_set_location called with lat=42.36, lon=-71.06, elev=0
[2m2026-08-14T03:57:55.287130Z[0m [32m INFO[0m Setting observer location: lat=42.36, lon=-71.06, elev=0
[2m2026-08-14T03:57:55.869991Z[0m [32m INFO[0m Connecting to Camera device: sim_camera_1
[2m2026-08-14T03:57:55.870005Z[0m [32m INFO[0m Connecting to Mount device: sim_mount_1
[2m2026-08-14T03:57:55.870027Z[0m [32m INFO[0m Device sim_camera_1 not registered, registering...
[2m2026-08-14T03:57:55.870029Z[0m [32m INFO[0m Device sim_mount_1 not registered, registering...
[2m2026-08-14T03:57:55.870038Z[0m [32m INFO[0m Connecting to Focuser device: sim_focuser_1
[2m2026-08-14T03:57:55.870041Z[0m [32m INFO[0m Registered device from ID: Simulator camera 1 (sim_camera_1)
[2m2026-08-14T03:57:55.870046Z[0m [32m INFO[0m Registered device from ID: Simulator mount 1 (sim_mount_1)
[2m2026-08-14T03:57:55.870055Z[0m [32m INFO[0m Device sim_focuser_1 not registered, registering...
[2m2026-08-14T03:57:55.870059Z[0m [32m INFO[0m Connecting to Filter Wheel device: sim_filterwheel_1
[2m2026-08-14T03:57:55.870083Z[0m [32m INFO[0m Simulator connected: id=sim_mount_1 type=Mount
[2m2026-08-14T03:57:55.870084Z[0m [32m INFO[0m Simulator connected: id=sim_camera_1 type=Camera
[2m2026-08-14T03:57:55.870090Z[0m [32m INFO[0m Connecting to Guider device: native:builtin_guider:multi_star
[2m2026-08-14T03:57:55.870091Z[0m [32m INFO[0m Device sim_filterwheel_1 not registered, registering...
[2m2026-08-14T03:57:55.870095Z[0m [32m INFO[0m Registered device from ID: Simulator focuser 1 (sim_focuser_1)
[2m2026-08-14T03:57:55.870108Z[0m [32m INFO[0m Device native:builtin_guider:multi_star not registered, registering...
[2m2026-08-14T03:57:55.870118Z[0m [32m INFO[0m Registered device from ID: Simulator filterwheel 1 (sim_filterwheel_1)
[2m2026-08-14T03:57:55.870123Z[0m [32m INFO[0m Starting heartbeat for device sim_camera_1 (type: Camera, driver: Simulator): interval=10s, threshold=3, auto_reconnect=false
[2m2026-08-14T03:57:55.870126Z[0m [32m INFO[0m Starting heartbeat for device sim_mount_1 (type: Mount, driver: Simulator): interval=5s, threshold=2, auto_reconnect=true
[2m2026-08-14T03:57:55.870135Z[0m [32m INFO[0m Registered device from ID: Built-in Multi-Star Guider (native:builtin_guider:multi_star)
[2m2026-08-14T03:57:55.870146Z[0m [32m INFO[0m Simulator connected: id=sim_focuser_1 type=Focuser
[2m2026-08-14T03:57:55.870158Z[0m [32m INFO[0m Auto-started heartbeat for device sim_camera_1
[2m2026-08-14T03:57:55.870169Z[0m [32m INFO[0m Auto-started heartbeat for device sim_mount_1
[2m2026-08-14T03:57:55.870193Z[0m [32m INFO[0m Simulator connected: id=sim_filterwheel_1 type=FilterWheel
[2m2026-08-14T03:57:55.870212Z[0m [32m INFO[0m Starting heartbeat for device sim_filterwheel_1 (type: Filter Wheel, driver: Simulator): interval=20s, threshold=5, auto_reconnect=false
[2m2026-08-14T03:57:55.870218Z[0m [32m INFO[0m Starting heartbeat for device sim_focuser_1 (type: Focuser, driver: Simulator): interval=15s, threshold=5, auto_reconnect=false
[2m2026-08-14T03:57:55.870221Z[0m [32m INFO[0m Connected to built-in multi-star guider
[2m2026-08-14T03:57:55.870224Z[0m [32m INFO[0m Auto-started heartbeat for device sim_filterwheel_1
[2m2026-08-14T03:57:55.870232Z[0m [32m INFO[0m Auto-started heartbeat for device sim_focuser_1
[2m2026-08-14T03:57:55.870238Z[0m [32m INFO[0m Starting heartbeat for device native:builtin_guider:multi_star (type: Guider, driver: Native): interval=5s, threshold=2, auto_reconnect=true
[2m2026-08-14T03:57:55.870246Z[0m [32m INFO[0m Auto-started heartbeat for device native:builtin_guider:multi_star
[2m2026-08-14T03:57:55.873253Z[0m [32m INFO[0m Starting heartbeat monitoring for Camera device: sim_camera_1 (interval: 10000ms)
[2m2026-08-14T03:57:55.873280Z[0m [32m INFO[0m Starting heartbeat for device sim_camera_1 (type: Camera, driver: Simulator): interval=10s, threshold=3, auto_reconnect=false
[2m2026-08-14T03:57:55.873292Z[0m [32m INFO[0m Starting heartbeat monitoring for Focuser device: sim_focuser_1 (interval: 10000ms)
[2m2026-08-14T03:57:55.873315Z[0m [32m INFO[0m Starting heartbeat for device sim_focuser_1 (type: Focuser, driver: Simulator): interval=10s, threshold=5, auto_reconnect=false
[2m2026-08-14T03:57:55.873339Z[0m [32m INFO[0m Starting heartbeat monitoring for Mount device: sim_mount_1 (interval: 10000ms)
[2m2026-08-14T03:57:55.873350Z[0m [32m INFO[0m Starting heartbeat for device sim_mount_1 (type: Mount, driver: Simulator): interval=10s, threshold=2, auto_reconnect=true
[2m2026-08-14T03:57:55.873522Z[0m [32m INFO[0m Starting heartbeat monitoring for Filter Wheel device: sim_filterwheel_1 (interval: 10000ms)
[2m2026-08-14T03:57:55.873532Z[0m [32m INFO[0m Starting heartbeat for device sim_filterwheel_1 (type: Filter Wheel, driver: Simulator): interval=10s, threshold=5, auto_reconnect=false
[2m2026-08-14T03:57:55.970165Z[0m [32m INFO[0m API: Setting filter names for 'sim_filterwheel_1': ["L", "R", "G", "B", "Ha", "OIII", "SII"]
[2m2026-08-14T03:57:55.970191Z[0m [32m INFO[0m filter_wheel_set_filter_names: Setting filter names for 'sim_filterwheel_1': ["L", "R", "G", "B", "Ha", "OIII", "SII"]
[2m2026-08-14T03:58:02.482081Z[0m [32m INFO[0m Pre-loaded libusb-1.0.so.0 with RTLD_GLOBAL for vendor SDKs that expect host-provided libusb
[2m2026-08-14T03:58:02.484561Z[0m [32m INFO[0m ZWO ASI Camera: loaded SDK from libASICamera2.so
[2m2026-08-14T03:58:02.484575Z[0m [32m INFO[0m ZWO ASI Camera: all required symbols resolved
[2m2026-08-14T03:58:02.493733Z[0m [32m INFO[0m QHY Camera: loaded SDK from libqhyccd.so
[2m2026-08-14T03:58:02.493750Z[0m [32m INFO[0m QHY Camera: all required symbols resolved
QHYCCD|QHYCOMMON.CPP|UpdateMainProgramName|start
QHYCCD|QHYCOMMON.CPP|UpdateMainProgramName|main program=nightshade_desktop
QHYCCD|QHYCCD.CPP|InitQHYCCDResource|main program name=nightshade_desktop
-- qhyccd.cpp param
QHYCCD|QHYCCD.CPP|InitQHYCCDResource()|START
QHYCCD|QHYCCD.CPP|InitQHYCCDResource|auto_detect_camera:false,call InitQHYCCDResourceInside
QHYCCD|QHYCCD.CPP|InitQHYCCDResourceInside|START
QHYCCD|QHYCCD.CPP|libusb_version 1.0.30.12037
QHYCCD|QHYCCD.CPP|libusb_init(libqhyccd_context) called...
QHYCCD|QHYCCD.CPP|InitQHYCCDResourceInside|numdev set to 0
QHYCCD|QHYCCD.CPP|InitQHYCCDResourceInside|END
************************** config file path  26.7.21.5 svn: 1  ************************************
QHYCCD|QHYCCD.CPP|InitQHYCCDResource|Load ini filePath = /home/scdouglas/Documents/Nightshade2/apps/desktop/build/linux/x64/release/bundle  fileName = qhyccd.ini
[QHYDEMO DEBUG] Entering demo camera registration block
[QHYDEMO DEBUG] demo_enabled=0 demo_count=1 image_dir=
[2m2026-08-14T03:58:03.506436Z[0m [32m INFO[0m QHY SDK initialized successfully
[QHYDEMO DEBUG] Entering demo camera registration block
[QHYDEMO DEBUG] demo_enabled=0 demo_count=1 image_dir=
[2m2026-08-14T03:58:03.506593Z[0m [32m INFO[0m Found 0 QHY cameras
[2m2026-08-14T03:58:03.507120Z[0m [32m INFO[0m Player One Camera: loaded SDK from libPlayerOneCamera.so
[2m2026-08-14T03:58:03.507136Z[0m [32m INFO[0m Player One Camera: all required symbols resolved
[2m2026-08-14T03:58:03.513824Z[0m [32m INFO[0m Player One Filter Wheel: loaded SDK from libPlayerOnePW.so
[2m2026-08-14T03:58:03.513833Z[0m [32m INFO[0m Player One Filter Wheel: all required symbols resolved
[QHYDEMO DEBUG] Entering demo camera registration block
[QHYDEMO DEBUG] demo_enabled=0 demo_count=1 image_dir=
[2m2026-08-14T03:58:03.519431Z[0m [32m INFO[0m SVBony: loaded SDK from libSVBCameraSDK.so
[2m2026-08-14T03:58:03.519442Z[0m [32m INFO[0m SVBony: all required symbols resolved
[2m2026-08-14T03:58:03.529111Z[0m [32m INFO[0m Atik: loaded SDK from libatikcameras.so
[2m2026-08-14T03:58:03.529129Z[0m [32m INFO[0m Atik: all required symbols resolved
[2m2026-08-14T03:58:03.548956Z[0m [32m INFO[0m FLI: loaded SDK from libfli.so
[2m2026-08-14T03:58:03.548970Z[0m [32m INFO[0m FLI: all required symbols resolved
[2m2026-08-14T03:58:03.549449Z[0m [32m INFO[0m Loaded libogmacam.so SDK from libogmacam.so
[2m2026-08-14T03:58:03.556153Z[0m [32m INFO[0m Loaded libtoupcam.so SDK from libtoupcam.so
[2m2026-08-14T03:58:03.557845Z[0m [32m INFO[0m libgphoto2: loaded SDK from libgphoto2.so
[2m2026-08-14T03:58:03.557862Z[0m [32m INFO[0m libgphoto2: all required symbols resolved
[2m2026-08-14T03:58:03.611370Z[0m [32m INFO[0m gPhoto2: Detected 0 cameras
[2m2026-08-14T03:58:03.633758Z[0m [32m INFO[0m Sky-Watcher discovery: found 32 serial ports to scan
[2m2026-08-14T03:58:03.633803Z[0m [32m INFO[0m Sky-Watcher discovery complete: found 0 mounts
[2m2026-08-14T03:58:03.856633Z[0m [32m INFO[0m iOptron discovery: found 32 serial ports to scan
[2m2026-08-14T03:58:04.079241Z[0m [32m INFO[0m LX200 discovery: found 32 serial ports to scan
[2m2026-08-14T03:58:04.079316Z[0m [32m INFO[0m Native discovery complete: found 0 total devices
[2m2026-08-14T03:58:04.079333Z[0m [32m INFO[0m Discovery complete for Camera: 1 devices, 0 backend errors
[2m2026-08-14T03:58:04.079382Z[0m [32m INFO[0m Discovery complete for Focuser: 1 devices, 0 backend errors
[2m2026-08-14T03:58:04.079398Z[0m [32m INFO[0m Discovery complete for Filter Wheel: 1 devices, 0 backend errors
[2m2026-08-14T03:58:04.135615Z[0m [32m INFO[0m Discovery complete for Guider: 1 devices, 0 backend errors
[2m2026-08-14T03:58:04.135655Z[0m [32m INFO[0m Discovery complete for Dome: 1 devices, 0 backend errors
[2m2026-08-14T03:58:04.135686Z[0m [32m INFO[0m Discovery complete for Rotator: 1 devices, 0 backend errors
[2m2026-08-14T03:58:04.135699Z[0m [32m INFO[0m Discovery complete for Weather: 1 devices, 0 backend errors
[2m2026-08-14T03:58:04.135713Z[0m [32m INFO[0m Discovery complete for Safety Monitor: 1 devices, 0 backend errors
[2m2026-08-14T03:58:04.135721Z[0m [32m INFO[0m Discovery complete for Switch: 1 devices, 0 backend errors
[2m2026-08-14T03:58:04.135732Z[0m [32m INFO[0m Discovery complete for Mount: 1 devices, 0 backend errors
[2m2026-08-14T03:58:04.135744Z[0m [32m INFO[0m Discovery complete for Cover Calibrator: 1 devices, 0 backend errors
[2m2026-08-14T03:59:01.895966Z[0m [32m INFO[0m DeviceManager: camera_start_exposure for sim_camera_1 duration=1
[2m2026-08-14T03:59:01.895987Z[0m [32m INFO[0m camera_start_exposure: Simulator exposure started
[2m2026-08-14T03:59:01.897361Z[0m [32m INFO[0m DeviceManager: camera_start_exposure for sim_camera_1 duration=1
[2m2026-08-14T03:59:01.897370Z[0m [32m INFO[0m camera_start_exposure: Simulator exposure started
[2m2026-08-14T03:59:02.986412Z[0m [32m INFO[0m sim sky: indexed 1476 'd05' area files from "/home/scdouglas/.local/share/nightshade-audit/astap/bin" in 0.08s
[2m2026-08-14T03:59:03.013452Z[0m [32m INFO[0m [STAR_DETECT] Image 1920x1080, pixel range: 502-64741, avg: 516.2
[2m2026-08-14T03:59:03.013474Z[0m [32m INFO[0m [STAR_DETECT] Background: 515.0, Noise: 3.2, Threshold: 531.1 (sigma=5)
[2m2026-08-14T03:59:03.029395Z[0m [32m INFO[0m [STAR_DETECT] Measured 117 sources (eccentricity <= 0.95), 117 at the requested ceiling (<= 0.95), 109 usable (<= 0.70)
[2m2026-08-14T03:59:03.029808Z[0m [32m INFO[0m DeviceManager: camera_start_exposure for sim_camera_1 duration=1
[2m2026-08-14T03:59:03.029816Z[0m [32m INFO[0m camera_start_exposure: Simulator exposure started
[2m2026-08-14T03:59:04.066985Z[0m [32m INFO[0m [STAR_DETECT] Image 1920x1080, pixel range: 502-64663, avg: 516.2
[2m2026-08-14T03:59:04.067007Z[0m [32m INFO[0m [STAR_DETECT] Background: 515.0, Noise: 3.2, Threshold: 531.1 (sigma=5)
[2m2026-08-14T03:59:04.081094Z[0m [32m INFO[0m [STAR_DETECT] Measured 120 sources (eccentricity <= 0.95), 120 at the requested ceiling (<= 0.95), 111 usable (<= 0.70)
[2m2026-08-14T03:59:04.081665Z[0m [32m INFO[0m DeviceManager: camera_start_exposure for sim_camera_1 duration=1
[2m2026-08-14T03:59:04.081673Z[0m [32m INFO[0m camera_start_exposure: Simulator exposure started
[2m2026-08-14T03:59:05.119175Z[0m [32m INFO[0m [STAR_DETECT] Image 1920x1080, pixel range: 501-64661, avg: 516.2
[2m2026-08-14T03:59:05.119197Z[0m [32m INFO[0m [STAR_DETECT] Background: 515.0, Noise: 3.2, Threshold: 531.2 (sigma=5)
[2m2026-08-14T03:59:05.132147Z[0m [32m INFO[0m [STAR_DETECT] Measured 121 sources (eccentricity <= 0.95), 121 at the requested ceiling (<= 0.95), 113 usable (<= 0.70)
[2m2026-08-14T03:59:05.132428Z[0m [32m INFO[0m DeviceManager: camera_start_exposure for sim_camera_1 duration=1
[2m2026-08-14T03:59:05.132435Z[0m [32m INFO[0m camera_start_exposure: Simulator exposure started
[2m2026-08-14T03:59:06.172610Z[0m [32m INFO[0m [STAR_DETECT] Image 1920x1080, pixel range: 502-64183, avg: 516.2
[2m2026-08-14T03:59:06.172633Z[0m [32m INFO[0m [STAR_DETECT] Background: 515.0, Noise: 3.2, Threshold: 531.1 (sigma=5)
[2m2026-08-14T03:59:06.186207Z[0m [32m INFO[0m [STAR_DETECT] Measured 122 sources (eccentricity <= 0.95), 122 at the requested ceiling (<= 0.95), 114 usable (<= 0.70)
[2m2026-08-14T03:59:06.186689Z[0m [32m INFO[0m DeviceManager: camera_start_exposure for sim_camera_1 duration=1
[2m2026-08-14T03:59:06.186697Z[0m [32m INFO[0m camera_start_exposure: Simulator exposure started
[2m2026-08-14T03:59:07.224877Z[0m [32m INFO[0m [STAR_DETECT] Image 1920x1080, pixel range: 502-63841, avg: 516.2
[2m2026-08-14T03:59:07.224899Z[0m [32m INFO[0m [STAR_DETECT] Background: 515.0, Noise: 3.2, Threshold: 531.1 (sigma=5)
[2m2026-08-14T03:59:07.237336Z[0m [32m INFO[0m [STAR_DETECT] Measured 120 sources (eccentricity <= 0.95), 120 at the requested ceiling (<= 0.95), 111 usable (<= 0.70)
[2m2026-08-14T03:59:07.237580Z[0m [32m INFO[0m DeviceManager: camera_start_exposure for sim_camera_1 duration=1
[2m2026-08-14T03:59:07.237588Z[0m [32m INFO[0m camera_start_exposure: Simulator exposure started
[2m2026-08-14T03:59:08.276110Z[0m [32m INFO[0m [STAR_DETECT] Image 1920x1080, pixel range: 501-63883, avg: 516.2
[2m2026-08-14T03:59:08.276135Z[0m [32m INFO[0m [STAR_DETECT] Background: 515.0, Noise: 3.2, Threshold: 531.1 (sigma=5)
[2m2026-08-14T03:59:08.289130Z[0m [32m INFO[0m [STAR_DETECT] Measured 117 sources (eccentricity <= 0.95), 117 at the requested ceiling (<= 0.95), 111 usable (<= 0.70)
[2m2026-08-14T03:59:08.289331Z[0m [32m INFO[0m DeviceManager: camera_start_exposure for sim_camera_1 duration=1
[2m2026-08-14T03:59:08.289338Z[0m [32m INFO[0m camera_start_exposure: Simulator exposure started
[2m2026-08-14T03:59:09.327509Z[0m [32m INFO[0m [STAR_DETECT] Image 1920x1080, pixel range: 502-63383, avg: 516.2
[2m2026-08-14T03:59:09.327534Z[0m [32m INFO[0m [STAR_DETECT] Background: 515.0, Noise: 3.2, Threshold: 531.1 (sigma=5)
[2m2026-08-14T03:59:09.341486Z[0m [32m INFO[0m [STAR_DETECT] Measured 120 sources (eccentricity <= 0.95), 120 at the requested ceiling (<= 0.95), 111 usable (<= 0.70)
[2m2026-08-14T03:59:09.341795Z[0m [32m INFO[0m DeviceManager: camera_start_exposure for sim_camera_1 duration=1
[2m2026-08-14T03:59:09.341802Z[0m [32m INFO[0m camera_start_exposure: Simulator exposure started
[2m2026-08-14T03:59:10.380369Z[0m [32m INFO[0m [STAR_DETECT] Image 1920x1080, pixel range: 502-62721, avg: 516.2
[2m2026-08-14T03:59:10.380395Z[0m [32m INFO[0m [STAR_DETECT] Background: 515.0, Noise: 3.2, Threshold: 531.1 (sigma=5)
[2m2026-08-14T03:59:10.394706Z[0m [32m INFO[0m [STAR_DETECT] Measured 115 sources (eccentricity <= 0.95), 115 at the requested ceiling (<= 0.95), 108 usable (<= 0.70)
[2m2026-08-14T03:59:10.394975Z[0m [32m INFO[0m DeviceManager: camera_start_exposure for sim_camera_1 duration=1
[2m2026-08-14T03:59:10.394982Z[0m [32m INFO[0m camera_start_exposure: Simulator exposure started
[2m2026-08-14T03:59:11.432634Z[0m [32m INFO[0m [STAR_DETECT] Image 1920x1080, pixel range: 502-62373, avg: 516.2
[2m2026-08-14T03:59:11.432656Z[0m [32m INFO[0m [STAR_DETECT] Background: 515.0, Noise: 3.2, Threshold: 531.1 (sigma=5)
[2m2026-08-14T03:59:11.450023Z[0m [32m INFO[0m [STAR_DETECT] Measured 124 sources (eccentricity <= 0.95), 124 at the requested ceiling (<= 0.95), 113 usable (<= 0.70)
[2m2026-08-14T03:59:11.450346Z[0m [32m INFO[0m DeviceManager: camera_start_exposure for sim_camera_1 duration=1
[2m2026-08-14T03:59:11.450354Z[0m [32m INFO[0m camera_start_exposure: Simulator exposure started
[2m2026-08-14T03:59:12.488059Z[0m [32m INFO[0m [STAR_DETECT] Image 1920x1080, pixel range: 502-61925, avg: 516.2
[2m2026-08-14T03:59:12.488082Z[0m [32m INFO[0m [STAR_DETECT] Background: 515.0, Noise: 3.2, Threshold: 531.1 (sigma=5)
[2m2026-08-14T03:59:12.501994Z[0m [32m INFO[0m [STAR_DETECT] Measured 119 sources (eccentricity <= 0.95), 119 at the requested ceiling (<= 0.95), 110 usable (<= 0.70)
[2m2026-08-14T03:59:12.502281Z[0m [32m INFO[0m DeviceManager: camera_start_exposure for sim_camera_1 duration=1
[2m2026-08-14T03:59:12.502289Z[0m [32m INFO[0m camera_start_exposure: Simulator exposure started
[2m2026-08-14T03:59:13.542226Z[0m [32m INFO[0m [STAR_DETECT] Image 1920x1080, pixel range: 502-62094, avg: 516.2
[2m2026-08-14T03:59:13.542248Z[0m [32m INFO[0m [STAR_DETECT] Background: 515.0, Noise: 3.2, Threshold: 531.1 (sigma=5)
[2m2026-08-14T03:59:13.557396Z[0m [32m INFO[0m [STAR_DETECT] Measured 121 sources (eccentricity <= 0.95), 121 at the requested ceiling (<= 0.95), 113 usable (<= 0.70)
[2m2026-08-14T03:59:13.557454Z[0m [32m INFO[0m DeviceManager: camera_start_exposure for sim_camera_1 duration=1
[2m2026-08-14T03:59:13.557462Z[0m [32m INFO[0m camera_start_exposure: Simulator exposure started
[2m2026-08-14T03:59:14.598001Z[0m [32m INFO[0m [STAR_DETECT] Image 1920x1080, pixel range: 502-62328, avg: 516.2
[2m2026-08-14T03:59:14.598024Z[0m [32m INFO[0m [STAR_DETECT] Background: 515.0, Noise: 3.2, Threshold: 531.1 (sigma=5)
[2m2026-08-14T03:59:14.611751Z[0m [32m INFO[0m [STAR_DETECT] Measured 120 sources (eccentricity <= 0.95), 120 at the requested ceiling (<= 0.95), 111 usable (<= 0.70)
[2m2026-08-14T03:59:14.612064Z[0m [32m INFO[0m DeviceManager: camera_start_exposure for sim_camera_1 duration=1
[2m2026-08-14T03:59:14.612070Z[0m [32m INFO[0m camera_start_exposure: Simulator exposure started
[2m2026-08-14T03:59:15.650274Z[0m [32m INFO[0m [STAR_DETECT] Image 1920x1080, pixel range: 502-62418, avg: 516.2
[2m2026-08-14T03:59:15.650299Z[0m [32m INFO[0m [STAR_DETECT] Background: 515.0, Noise: 3.2, Threshold: 531.1 (sigma=5)
[2m2026-08-14T03:59:15.664742Z[0m [32m INFO[0m [STAR_DETECT] Measured 122 sources (eccentricity <= 0.95), 122 at the requested ceiling (<= 0.95), 114 usable (<= 0.70)
[2m2026-08-14T03:59:15.665003Z[0m [32m INFO[0m DeviceManager: camera_start_exposure for sim_camera_1 duration=1
[2m2026-08-14T03:59:15.665011Z[0m [32m INFO[0m camera_start_exposure: Simulator exposure started
[2m2026-08-14T03:59:16.704938Z[0m [32m INFO[0m [STAR_DETECT] Image 1920x1080, pixel range: 502-62627, avg: 516.2
[2m2026-08-14T03:59:16.704964Z[0m [32m INFO[0m [STAR_DETECT] Background: 515.0, Noise: 3.2, Threshold: 531.2 (sigma=5)
[2m2026-08-14T03:59:16.720603Z[0m [32m INFO[0m [STAR_DETECT] Measured 119 sources (eccentricity <= 0.95), 119 at the requested ceiling (<= 0.95), 111 usable (<= 0.70)
[2m2026-08-14T03:59:16.720904Z[0m [32m INFO[0m DeviceManager: camera_start_exposure for sim_camera_1 duration=1
[2m2026-08-14T03:59:16.720912Z[0m [32m INFO[0m camera_start_exposure: Simulator exposure started
[2m2026-08-14T03:59:17.763165Z[0m [32m INFO[0m [STAR_DETECT] Image 1920x1080, pixel range: 502-63261, avg: 516.2
[2m2026-08-14T03:59:17.763189Z[0m [32m INFO[0m [STAR_DETECT] Background: 515.0, Noise: 3.2, Threshold: 531.1 (sigma=5)
[2m2026-08-14T03:59:17.778767Z[0m [32m INFO[0m [STAR_DETECT] Measured 121 sources (eccentricity <= 0.95), 121 at the requested ceiling (<= 0.95), 111 usable (<= 0.70)
[2m2026-08-14T03:59:17.778822Z[0m [32m INFO[0m DeviceManager: camera_start_exposure for sim_camera_1 duration=1
[2m2026-08-14T03:59:17.778828Z[0m [32m INFO[0m camera_start_exposure: Simulator exposure started
[2m2026-08-14T03:59:18.818349Z[0m [32m INFO[0m [STAR_DETECT] Image 1920x1080, pixel range: 502-63072, avg: 516.2
[2m2026-08-14T03:59:18.818385Z[0m [32m INFO[0m [STAR_DETECT] Background: 515.0, Noise: 3.2, Threshold: 531.1 (sigma=5)
[2m2026-08-14T03:59:18.833030Z[0m [32m INFO[0m [STAR_DETECT] Measured 126 sources (eccentricity <= 0.95), 126 at the requested ceiling (<= 0.95), 116 usable (<= 0.70)
[2m2026-08-14T03:59:18.833306Z[0m [32m INFO[0m DeviceManager: camera_start_exposure for sim_camera_1 duration=1
[2m2026-08-14T03:59:18.833314Z[0m [32m INFO[0m camera_start_exposure: Simulator exposure started
[2m2026-08-14T03:59:19.872868Z[0m [32m INFO[0m [STAR_DETECT] Image 1920x1080, pixel range: 502-63229, avg: 516.2
[2m2026-08-14T03:59:19.872890Z[0m [32m INFO[0m [STAR_DETECT] Background: 515.0, Noise: 3.2, Threshold: 531.1 (sigma=5)
[2m2026-08-14T03:59:19.886805Z[0m [32m INFO[0m [STAR_DETECT] Measured 118 sources (eccentricity <= 0.95), 118 at the requested ceiling (<= 0.95), 112 usable (<= 0.70)
[2m2026-08-14T03:59:19.887073Z[0m [32m INFO[0m DeviceManager: camera_start_exposure for sim_camera_1 duration=1
[2m2026-08-14T03:59:19.887081Z[0m [32m INFO[0m camera_start_exposure: Simulator exposure started
[2m2026-08-14T03:59:20.923873Z[0m [32m INFO[0m [STAR_DETECT] Image 1920x1080, pixel range: 502-63862, avg: 516.2
[2m2026-08-14T03:59:20.923895Z[0m [32m INFO[0m [STAR_DETECT] Background: 515.0, Noise: 3.2, Threshold: 531.2 (sigma=5)
[2m2026-08-14T03:59:20.935389Z[0m [32m INFO[0m [STAR_DETECT] Measured 118 sources (eccentricity <= 0.95), 118 at the requested ceiling (<= 0.95), 110 usable (<= 0.70)
[2m2026-08-14T03:59:20.935441Z[0m [32m INFO[0m DeviceManager: camera_start_exposure for sim_camera_1 duration=1
[2m2026-08-14T03:59:20.935447Z[0m [32m INFO[0m camera_start_exposure: Simulator exposure started
[2m2026-08-14T03:59:21.984894Z[0m [32m INFO[0m [STAR_DETECT] Image 1920x1080, pixel range: 502-63692, avg: 516.2
[2m2026-08-14T03:59:21.984920Z[0m [32m INFO[0m [STAR_DETECT] Background: 515.0, Noise: 3.2, Threshold: 531.1 (sigma=5)
[2m2026-08-14T03:59:22.014249Z[0m [32m INFO[0m [STAR_DETECT] Measured 116 sources (eccentricity <= 0.95), 116 at the requested ceiling (<= 0.95), 109 usable (<= 0.70)
[2m2026-08-14T03:59:22.014866Z[0m [32m INFO[0m DeviceManager: camera_start_exposure for sim_camera_1 duration=1
[2m2026-08-14T03:59:22.014875Z[0m [32m INFO[0m camera_start_exposure: Simulator exposure started
[2m2026-08-14T03:59:22.069964Z[0m [32m INFO[0m Auto Select: asking the built-in guider 'native:builtin_guider:multi_star' to pick a guide star
[2m2026-08-14T03:59:22.070433Z[0m [32m INFO[0m Auto Select: chose a guide star at (963.5, 722.5) px out of 109 detections
[2m2026-08-14T03:59:22.070458Z[0m [32m INFO[0m Auto Select: locked guide star at (25.5, 24.5) px
[2m2026-08-14T03:59:23.066798Z[0m [32m INFO[0m [STAR_DETECT] Image 1920x1080, pixel range: 502-64236, avg: 516.2
[2m2026-08-14T03:59:23.066883Z[0m [32m INFO[0m [STAR_DETECT] Background: 515.0, Noise: 3.2, Threshold: 531.1 (sigma=5)
[2m2026-08-14T03:59:23.094511Z[0m [32m INFO[0m [STAR_DETECT] Measured 121 sources (eccentricity <= 0.95), 121 at the requested ceiling (<= 0.95), 112 usable (<= 0.70)
[2m2026-08-14T03:59:23.094938Z[0m [32m INFO[0m DeviceManager: camera_start_exposure for sim_camera_1 duration=1
[2m2026-08-14T03:59:23.094948Z[0m [32m INFO[0m camera_start_exposure: Simulator exposure started
[2m2026-08-14T03:59:24.137501Z[0m [32m INFO[0m [STAR_DETECT] Image 1920x1080, pixel range: 501-63941, avg: 516.2
[2m2026-08-14T03:59:24.137524Z[0m [32m INFO[0m [STAR_DETECT] Background: 515.0, Noise: 3.2, Threshold: 531.1 (sigma=5)
[2m2026-08-14T03:59:24.156431Z[0m [32m INFO[0m [STAR_DETECT] Measured 118 sources (eccentricity <= 0.95), 118 at the requested ceiling (<= 0.95), 111 usable (<= 0.70)
[2m2026-08-14T03:59:24.156496Z[0m [32m INFO[0m DeviceManager: camera_start_exposure for sim_camera_1 duration=1
[2m2026-08-14T03:59:24.156505Z[0m [32m INFO[0m camera_start_exposure: Simulator exposure started
[2m2026-08-14T03:59:25.207181Z[0m [32m INFO[0m [STAR_DETECT] Image 1920x1080, pixel range: 501-64381, avg: 516.2
[2m2026-08-14T03:59:25.207225Z[0m [32m INFO[0m [STAR_DETECT] Background: 515.0, Noise: 3.2, Threshold: 531.1 (sigma=5)
[2m2026-08-14T03:59:25.230157Z[0m [32m INFO[0m [STAR_DETECT] Measured 120 sources (eccentricity <= 0.95), 120 at the requested ceiling (<= 0.95), 109 usable (<= 0.70)
[2m2026-08-14T03:59:25.232047Z[0m [32m INFO[0m DeviceManager: camera_start_exposure for sim_camera_1 duration=1
[2m2026-08-14T03:59:25.232061Z[0m [32m INFO[0m camera_start_exposure: Simulator exposure started
[2m2026-08-14T03:59:26.286016Z[0m [32m INFO[0m [STAR_DETECT] Image 1920x1080, pixel range: 501-64013, avg: 516.2
[2m2026-08-14T03:59:26.286047Z[0m [32m INFO[0m [STAR_DETECT] Background: 515.0, Noise: 3.2, Threshold: 531.1 (sigma=5)
[2m2026-08-14T03:59:26.314482Z[0m [32m INFO[0m [STAR_DETECT] Measured 119 sources (eccentricity <= 0.95), 119 at the requested ceiling (<= 0.95), 111 usable (<= 0.70)
[2m2026-08-14T03:59:26.316786Z[0m [32m INFO[0m DeviceManager: camera_start_exposure for sim_camera_1 duration=1
[2m2026-08-14T03:59:26.316796Z[0m [32m INFO[0m camera_start_exposure: Simulator exposure started
[2m2026-08-14T03:59:27.369406Z[0m [32m INFO[0m [STAR_DETECT] Image 1920x1080, pixel range: 502-64047, avg: 516.2
[2m2026-08-14T03:59:27.369459Z[0m [32m INFO[0m [STAR_DETECT] Background: 515.0, Noise: 3.2, Threshold: 531.1 (sigma=5)
[2m2026-08-14T03:59:27.387160Z[0m [32m INFO[0m [STAR_DETECT] Measured 114 sources (eccentricity <= 0.95), 114 at the requested ceiling (<= 0.95), 107 usable (<= 0.70)
[2m2026-08-14T03:59:27.387235Z[0m [32m INFO[0m DeviceManager: camera_start_exposure for sim_camera_1 duration=1
[2m2026-08-14T03:59:27.387249Z[0m [32m INFO[0m camera_start_exposure: Simulator exposure started
[2m2026-08-14T03:59:28.432123Z[0m [32m INFO[0m [STAR_DETECT] Image 1920x1080, pixel range: 501-64221, avg: 516.2
[2m2026-08-14T03:59:28.432147Z[0m [32m INFO[0m [STAR_DETECT] Background: 515.0, Noise: 3.2, Threshold: 531.1 (sigma=5)
[2m2026-08-14T03:59:28.448000Z[0m [32m INFO[0m [STAR_DETECT] Measured 119 sources (eccentricity <= 0.95), 119 at the requested ceiling (<= 0.95), 112 usable (<= 0.70)
[2m2026-08-14T03:59:28.450442Z[0m [32m INFO[0m DeviceManager: camera_start_exposure for sim_camera_1 duration=1
[2m2026-08-14T03:59:28.450455Z[0m [32m INFO[0m camera_start_exposure: Simulator exposure started
[2m2026-08-14T03:59:29.490266Z[0m [32m INFO[0m [STAR_DETECT] Image 1920x1080, pixel range: 502-63846, avg: 516.2
[2m2026-08-14T03:59:29.490290Z[0m [32m INFO[0m [STAR_DETECT] Background: 515.0, Noise: 3.2, Threshold: 531.1 (sigma=5)
[2m2026-08-14T03:59:29.503947Z[0m [32m INFO[0m [STAR_DETECT] Measured 120 sources (eccentricity <= 0.95), 120 at the requested ceiling (<= 0.95), 111 usable (<= 0.70)
[2m2026-08-14T03:59:29.503996Z[0m [32m INFO[0m DeviceManager: camera_start_exposure for sim_camera_1 duration=1
[2m2026-08-14T03:59:29.504002Z[0m [32m INFO[0m camera_start_exposure: Simulator exposure started
[2m2026-08-14T03:59:30.544443Z[0m [32m INFO[0m [STAR_DETECT] Image 1920x1080, pixel range: 502-63896, avg: 516.2
[2m2026-08-14T03:59:30.544470Z[0m [32m INFO[0m [STAR_DETECT] Background: 515.0, Noise: 3.2, Threshold: 531.1 (sigma=5)
[2m2026-08-14T03:59:30.558332Z[0m [32m INFO[0m [STAR_DETECT] Measured 117 sources (eccentricity <= 0.95), 117 at the requested ceiling (<= 0.95), 110 usable (<= 0.70)
[2m2026-08-14T03:59:30.560236Z[0m [32m INFO[0m DeviceManager: camera_start_exposure for sim_camera_1 duration=1
[2m2026-08-14T03:59:30.560243Z[0m [32m INFO[0m camera_start_exposure: Simulator exposure started
[2m2026-08-14T03:59:31.599004Z[0m [32m INFO[0m [STAR_DETECT] Image 1920x1080, pixel range: 501-63117, avg: 516.2
[2m2026-08-14T03:59:31.599027Z[0m [32m INFO[0m [STAR_DETECT] Background: 515.0, Noise: 3.2, Threshold: 531.1 (sigma=5)
[2m2026-08-14T03:59:31.610983Z[0m [32m INFO[0m [STAR_DETECT] Measured 119 sources (eccentricity <= 0.95), 119 at the requested ceiling (<= 0.95), 112 usable (<= 0.70)
[2m2026-08-14T03:59:31.611035Z[0m [32m INFO[0m DeviceManager: camera_start_exposure for sim_camera_1 duration=1
[2m2026-08-14T03:59:31.611041Z[0m [32m INFO[0m camera_start_exposure: Simulator exposure started
[2m2026-08-14T03:59:32.649352Z[0m [32m INFO[0m [STAR_DETECT] Image 1920x1080, pixel range: 502-63054, avg: 516.2
[2m2026-08-14T03:59:32.649374Z[0m [32m INFO[0m [STAR_DETECT] Background: 515.0, Noise: 3.2, Threshold: 531.1 (sigma=5)
[2m2026-08-14T03:59:32.666758Z[0m [32m INFO[0m [STAR_DETECT] Measured 116 sources (eccentricity <= 0.95), 116 at the requested ceiling (<= 0.95), 108 usable (<= 0.70)
[2m2026-08-14T03:59:32.668672Z[0m [32m INFO[0m DeviceManager: camera_start_exposure for sim_camera_1 duration=1
[2m2026-08-14T03:59:32.668683Z[0m [32m INFO[0m camera_start_exposure: Simulator exposure started
[2m2026-08-14T03:59:33.707799Z[0m [32m INFO[0m [STAR_DETECT] Image 1920x1080, pixel range: 502-63574, avg: 516.2
[2m2026-08-14T03:59:33.707823Z[0m [32m INFO[0m [STAR_DETECT] Background: 515.0, Noise: 3.2, Threshold: 531.1 (sigma=5)
[2m2026-08-14T03:59:33.723293Z[0m [32m INFO[0m [STAR_DETECT] Measured 118 sources (eccentricity <= 0.95), 118 at the requested ceiling (<= 0.95), 109 usable (<= 0.70)
[2m2026-08-14T03:59:33.725195Z[0m [32m INFO[0m DeviceManager: camera_start_exposure for sim_camera_1 duration=1
[2m2026-08-14T03:59:33.725201Z[0m [32m INFO[0m camera_start_exposure: Simulator exposure started
[2m2026-08-14T03:59:34.763343Z[0m [32m INFO[0m [STAR_DETECT] Image 1920x1080, pixel range: 502-63870, avg: 516.2
[2m2026-08-14T03:59:34.763365Z[0m [32m INFO[0m [STAR_DETECT] Background: 515.0, Noise: 3.2, Threshold: 531.1 (sigma=5)
[2m2026-08-14T03:59:34.777054Z[0m [32m INFO[0m [STAR_DETECT] Measured 114 sources (eccentricity <= 0.95), 114 at the requested ceiling (<= 0.95), 105 usable (<= 0.70)
[2m2026-08-14T03:59:34.778332Z[0m [32m INFO[0m DeviceManager: camera_start_exposure for sim_camera_1 duration=1
[2m2026-08-14T03:59:34.778340Z[0m [32m INFO[0m camera_start_exposure: Simulator exposure started
[2m2026-08-14T03:59:35.817327Z[0m [32m INFO[0m [STAR_DETECT] Image 1920x1080, pixel range: 502-64222, avg: 516.2
[2m2026-08-14T03:59:35.817350Z[0m [32m INFO[0m [STAR_DETECT] Background: 515.0, Noise: 3.2, Threshold: 531.1 (sigma=5)
[2m2026-08-14T03:59:35.831752Z[0m [32m INFO[0m [STAR_DETECT] Measured 118 sources (eccentricity <= 0.95), 118 at the requested ceiling (<= 0.95), 110 usable (<= 0.70)
[2m2026-08-14T03:59:35.833225Z[0m [32m INFO[0m DeviceManager: camera_start_exposure for sim_camera_1 duration=1
[2m2026-08-14T03:59:35.833233Z[0m [32m INFO[0m camera_start_exposure: Simulator exposure started
[2m2026-08-14T03:59:36.870616Z[0m [32m INFO[0m [STAR_DETECT] Image 1920x1080, pixel range: 502-64058, avg: 516.2
[2m2026-08-14T03:59:36.870640Z[0m [32m INFO[0m [STAR_DETECT] Background: 515.0, Noise: 3.2, Threshold: 531.1 (sigma=5)
[2m2026-08-14T03:59:36.883566Z[0m [32m INFO[0m [STAR_DETECT] Measured 121 sources (eccentricity <= 0.95), 121 at the requested ceiling (<= 0.95), 111 usable (<= 0.70)
[2m2026-08-14T03:59:36.883614Z[0m [32m INFO[0m DeviceManager: camera_start_exposure for sim_camera_1 duration=1
[2m2026-08-14T03:59:36.883620Z[0m [32m INFO[0m camera_start_exposure: Simulator exposure started
[2m2026-08-14T03:59:37.923252Z[0m [32m INFO[0m [STAR_DETECT] Image 1920x1080, pixel range: 501-64620, avg: 516.2
[2m2026-08-14T03:59:37.923278Z[0m [32m INFO[0m [STAR_DETECT] Background: 515.0, Noise: 3.2, Threshold: 531.1 (sigma=5)
[2m2026-08-14T03:59:37.939192Z[0m [32m INFO[0m [STAR_DETECT] Measured 120 sources (eccentricity <= 0.95), 120 at the requested ceiling (<= 0.95), 111 usable (<= 0.70)
[2m2026-08-14T03:59:37.940583Z[0m [32m INFO[0m DeviceManager: camera_start_exposure for sim_camera_1 duration=1
[2m2026-08-14T03:59:37.940590Z[0m [32m INFO[0m camera_start_exposure: Simulator exposure started
[2m2026-08-14T03:59:38.978542Z[0m [32m INFO[0m [STAR_DETECT] Image 1920x1080, pixel range: 501-64414, avg: 516.2
[2m2026-08-14T03:59:38.978564Z[0m [32m INFO[0m [STAR_DETECT] Background: 515.0, Noise: 3.2, Threshold: 531.1 (sigma=5)
[2m2026-08-14T03:59:38.991694Z[0m [32m INFO[0m [STAR_DETECT] Measured 118 sources (eccentricity <= 0.95), 118 at the requested ceiling (<= 0.95), 109 usable (<= 0.70)
[2m2026-08-14T03:59:38.993175Z[0m [32m INFO[0m DeviceManager: camera_start_exposure for sim_camera_1 duration=1
[2m2026-08-14T03:59:38.993185Z[0m [32m INFO[0m camera_start_exposure: Simulator exposure started
[2m2026-08-14T03:59:40.029487Z[0m [32m INFO[0m [STAR_DETECT] Image 1920x1080, pixel range: 502-64886, avg: 516.2
[2m2026-08-14T03:59:40.029508Z[0m [32m INFO[0m [STAR_DETECT] Background: 515.0, Noise: 3.2, Threshold: 531.1 (sigma=5)
[2m2026-08-14T03:59:40.041181Z[0m [32m INFO[0m [STAR_DETECT] Measured 119 sources (eccentricity <= 0.95), 119 at the requested ceiling (<= 0.95), 108 usable (<= 0.70)
[2m2026-08-14T03:59:40.041227Z[0m [32m INFO[0m DeviceManager: camera_start_exposure for sim_camera_1 duration=1
[2m2026-08-14T03:59:40.041234Z[0m [32m INFO[0m camera_start_exposure: Simulator exposure started
[2m2026-08-14T03:59:41.078774Z[0m [32m INFO[0m [STAR_DETECT] Image 1920x1080, pixel range: 502-64786, avg: 516.2
[2m2026-08-14T03:59:41.078797Z[0m [32m INFO[0m [STAR_DETECT] Background: 515.0, Noise: 3.2, Threshold: 531.1 (sigma=5)
[2m2026-08-14T03:59:41.092073Z[0m [32m INFO[0m [STAR_DETECT] Measured 120 sources (eccentricity <= 0.95), 120 at the requested ceiling (<= 0.95), 110 usable (<= 0.70)
[2m2026-08-14T03:59:41.093566Z[0m [32m INFO[0m DeviceManager: camera_start_exposure for sim_camera_1 duration=1
[2m2026-08-14T03:59:41.093573Z[0m [32m INFO[0m camera_start_exposure: Simulator exposure started
[2m2026-08-14T03:59:42.130654Z[0m [32m INFO[0m [STAR_DETECT] Image 1920x1080, pixel range: 502-64838, avg: 516.2
[2m2026-08-14T03:59:42.130680Z[0m [32m INFO[0m [STAR_DETECT] Background: 515.0, Noise: 3.2, Threshold: 531.1 (sigma=5)
[2m2026-08-14T03:59:42.143249Z[0m [32m INFO[0m [STAR_DETECT] Measured 120 sources (eccentricity <= 0.95), 120 at the requested ceiling (<= 0.95), 112 usable (<= 0.70)
[2m2026-08-14T03:59:42.143299Z[0m [32m INFO[0m DeviceManager: camera_start_exposure for sim_camera_1 duration=1
[2m2026-08-14T03:59:42.143304Z[0m [32m INFO[0m camera_start_exposure: Simulator exposure started
[2m2026-08-14T03:59:43.183359Z[0m [32m INFO[0m [STAR_DETECT] Image 1920x1080, pixel range: 502-65062, avg: 516.2
[2m2026-08-14T03:59:43.183382Z[0m [32m INFO[0m [STAR_DETECT] Background: 515.0, Noise: 3.2, Threshold: 531.1 (sigma=5)
[2m2026-08-14T03:59:43.196413Z[0m [32m INFO[0m [STAR_DETECT] Measured 118 sources (eccentricity <= 0.95), 118 at the requested ceiling (<= 0.95), 110 usable (<= 0.70)
[2m2026-08-14T03:59:43.197993Z[0m [32m INFO[0m DeviceManager: camera_start_exposure for sim_camera_1 duration=1
[2m2026-08-14T03:59:43.198001Z[0m [32m INFO[0m camera_start_exposure: Simulator exposure started
[2m2026-08-14T03:59:44.233656Z[0m [32m INFO[0m [STAR_DETECT] Image 1920x1080, pixel range: 502-65022, avg: 516.2
[2m2026-08-14T03:59:44.233680Z[0m [32m INFO[0m [STAR_DETECT] Background: 515.0, Noise: 3.2, Threshold: 531.1 (sigma=5)
[2m2026-08-14T03:59:44.245617Z[0m [32m INFO[0m [STAR_DETECT] Measured 120 sources (eccentricity <= 0.95), 120 at the requested ceiling (<= 0.95), 110 usable (<= 0.70)
[2m2026-08-14T03:59:44.245663Z[0m [32m INFO[0m DeviceManager: camera_start_exposure for sim_camera_1 duration=1
[2m2026-08-14T03:59:44.245670Z[0m [32m INFO[0m camera_start_exposure: Simulator exposure started
[2m2026-08-14T03:59:45.285460Z[0m [32m INFO[0m [STAR_DETECT] Image 1920x1080, pixel range: 502-64635, avg: 516.2
[2m2026-08-14T03:59:45.285483Z[0m [32m INFO[0m [STAR_DETECT] Background: 515.0, Noise: 3.2, Threshold: 531.1 (sigma=5)
[2m2026-08-14T03:59:45.298576Z[0m [32m INFO[0m [STAR_DETECT] Measured 122 sources (eccentricity <= 0.95), 122 at the requested ceiling (<= 0.95), 112 usable (<= 0.70)
[2m2026-08-14T03:59:45.299997Z[0m [32m INFO[0m DeviceManager: camera_start_exposure for sim_camera_1 duration=1
[2m2026-08-14T03:59:45.300004Z[0m [32m INFO[0m camera_start_exposure: Simulator exposure started
[2m2026-08-14T03:59:46.337824Z[0m [32m INFO[0m [STAR_DETECT] Image 1920x1080, pixel range: 502-64499, avg: 516.2
[2m2026-08-14T03:59:46.337848Z[0m [32m INFO[0m [STAR_DETECT] Background: 515.0, Noise: 3.2, Threshold: 531.2 (sigma=5)
[2m2026-08-14T03:59:46.353078Z[0m [32m INFO[0m [STAR_DETECT] Measured 117 sources (eccentricity <= 0.95), 117 at the requested ceiling (<= 0.95), 109 usable (<= 0.70)
[2m2026-08-14T03:59:46.355628Z[0m [32m INFO[0m DeviceManager: camera_start_exposure for sim_camera_1 duration=1
[2m2026-08-14T03:59:46.355637Z[0m [32m INFO[0m camera_start_exposure: Simulator exposure started
[2m2026-08-14T03:59:47.392609Z[0m [32m INFO[0m [STAR_DETECT] Image 1920x1080, pixel range: 502-64521, avg: 516.2
[2m2026-08-14T03:59:47.392632Z[0m [32m INFO[0m [STAR_DETECT] Background: 515.0, Noise: 3.2, Threshold: 531.2 (sigma=5)
[2m2026-08-14T03:59:47.405734Z[0m [32m INFO[0m [STAR_DETECT] Measured 121 sources (eccentricity <= 0.95), 121 at the requested ceiling (<= 0.95), 113 usable (<= 0.70)
[2m2026-08-14T03:59:47.407200Z[0m [32m INFO[0m DeviceManager: camera_start_exposure for sim_camera_1 duration=1
[2m2026-08-14T03:59:47.407208Z[0m [32m INFO[0m camera_start_exposure: Simulator exposure started
[2m2026-08-14T03:59:48.443222Z[0m [32m INFO[0m [STAR_DETECT] Image 1920x1080, pixel range: 502-64288, avg: 516.2
[2m2026-08-14T03:59:48.443246Z[0m [32m INFO[0m [STAR_DETECT] Background: 515.0, Noise: 3.2, Threshold: 531.1 (sigma=5)
[2m2026-08-14T03:59:48.457228Z[0m [32m INFO[0m [STAR_DETECT] Measured 122 sources (eccentricity <= 0.95), 122 at the requested ceiling (<= 0.95), 111 usable (<= 0.70)
[2m2026-08-14T03:59:48.457284Z[0m [32m INFO[0m DeviceManager: camera_start_exposure for sim_camera_1 duration=1
[2m2026-08-14T03:59:48.457292Z[0m [32m INFO[0m camera_start_exposure: Simulator exposure started
[2m2026-08-14T03:59:49.495310Z[0m [32m INFO[0m [STAR_DETECT] Image 1920x1080, pixel range: 502-64109, avg: 516.2
[2m2026-08-14T03:59:49.495346Z[0m [32m INFO[0m [STAR_DETECT] Background: 515.0, Noise: 3.2, Threshold: 531.1 (sigma=5)
[2m2026-08-14T03:59:49.508606Z[0m [32m INFO[0m [STAR_DETECT] Measured 118 sources (eccentricity <= 0.95), 118 at the requested ceiling (<= 0.95), 109 usable (<= 0.70)
[2m2026-08-14T03:59:49.510175Z[0m [32m INFO[0m DeviceManager: camera_start_exposure for sim_camera_1 duration=1
[2m2026-08-14T03:59:49.510185Z[0m [32m INFO[0m camera_start_exposure: Simulator exposure started
[2m2026-08-14T03:59:50.545663Z[0m [32m INFO[0m [STAR_DETECT] Image 1920x1080, pixel range: 501-63466, avg: 516.2
[2m2026-08-14T03:59:50.545686Z[0m [32m INFO[0m [STAR_DETECT] Background: 515.0, Noise: 3.2, Threshold: 531.1 (sigma=5)
[2m2026-08-14T03:59:50.557330Z[0m [32m INFO[0m [STAR_DETECT] Measured 120 sources (eccentricity <= 0.95), 120 at the requested ceiling (<= 0.95), 110 usable (<= 0.70)
[2m2026-08-14T03:59:50.557380Z[0m [32m INFO[0m DeviceManager: camera_start_exposure for sim_camera_1 duration=1
[2m2026-08-14T03:59:50.557387Z[0m [32m INFO[0m camera_start_exposure: Simulator exposure started
[2m2026-08-14T03:59:51.597484Z[0m [32m INFO[0m [STAR_DETECT] Image 1920x1080, pixel range: 502-62998, avg: 516.2
[2m2026-08-14T03:59:51.597521Z[0m [32m INFO[0m [STAR_DETECT] Background: 515.0, Noise: 3.2, Threshold: 531.1 (sigma=5)
[2m2026-08-14T03:59:51.612627Z[0m [32m INFO[0m [STAR_DETECT] Measured 117 sources (eccentricity <= 0.95), 117 at the requested ceiling (<= 0.95), 109 usable (<= 0.70)
[2m2026-08-14T03:59:51.614093Z[0m [32m INFO[0m DeviceManager: camera_start_exposure for sim_camera_1 duration=1
[2m2026-08-14T03:59:51.614109Z[0m [32m INFO[0m camera_start_exposure: Simulator exposure started
[2m2026-08-14T03:59:52.651031Z[0m [32m INFO[0m [STAR_DETECT] Image 1920x1080, pixel range: 501-62959, avg: 516.2
[2m2026-08-14T03:59:52.651054Z[0m [32m INFO[0m [STAR_DETECT] Background: 515.0, Noise: 3.2, Threshold: 531.1 (sigma=5)
[2m2026-08-14T03:59:52.663401Z[0m [32m INFO[0m [STAR_DETECT] Measured 118 sources (eccentricity <= 0.95), 118 at the requested ceiling (<= 0.95), 108 usable (<= 0.70)
[2m2026-08-14T03:59:52.663448Z[0m [32m INFO[0m DeviceManager: camera_start_exposure for sim_camera_1 duration=1
[2m2026-08-14T03:59:52.663454Z[0m [32m INFO[0m camera_start_exposure: Simulator exposure started
[2m2026-08-14T03:59:53.703759Z[0m [32m INFO[0m [STAR_DETECT] Image 1920x1080, pixel range: 501-63248, avg: 516.2
[2m2026-08-14T03:59:53.703782Z[0m [32m INFO[0m [STAR_DETECT] Background: 515.0, Noise: 3.2, Threshold: 531.1 (sigma=5)
[2m2026-08-14T03:59:53.716644Z[0m [32m INFO[0m [STAR_DETECT] Measured 120 sources (eccentricity <= 0.95), 120 at the requested ceiling (<= 0.95), 112 usable (<= 0.70)
[2m2026-08-14T03:59:53.717901Z[0m [32m INFO[0m DeviceManager: camera_start_exposure for sim_camera_1 duration=1
[2m2026-08-14T03:59:53.717908Z[0m [32m INFO[0m camera_start_exposure: Simulator exposure started
[2m2026-08-14T03:59:54.753174Z[0m [32m INFO[0m [STAR_DETECT] Image 1920x1080, pixel range: 502-63463, avg: 516.2
[2m2026-08-14T03:59:54.753195Z[0m [32m INFO[0m [STAR_DETECT] Background: 515.0, Noise: 3.2, Threshold: 531.1 (sigma=5)
[2m2026-08-14T03:59:54.765477Z[0m [32m INFO[0m [STAR_DETECT] Measured 120 sources (eccentricity <= 0.95), 120 at the requested ceiling (<= 0.95), 111 usable (<= 0.70)
[2m2026-08-14T03:59:54.765532Z[0m [32m INFO[0m DeviceManager: camera_start_exposure for sim_camera_1 duration=1
[2m2026-08-14T03:59:54.765538Z[0m [32m INFO[0m camera_start_exposure: Simulator exposure started
[2m2026-08-14T03:59:55.804310Z[0m [32m INFO[0m [STAR_DETECT] Image 1920x1080, pixel range: 502-63132, avg: 516.2
[2m2026-08-14T03:59:55.804334Z[0m [32m INFO[0m [STAR_DETECT] Background: 515.0, Noise: 3.2, Threshold: 531.1 (sigma=5)
[2m2026-08-14T03:59:55.817599Z[0m [32m INFO[0m [STAR_DETECT] Measured 122 sources (eccentricity <= 0.95), 122 at the requested ceiling (<= 0.95), 112 usable (<= 0.70)
[2m2026-08-14T03:59:55.819165Z[0m [32m INFO[0m DeviceManager: camera_start_exposure for sim_camera_1 duration=1
[2m2026-08-14T03:59:55.819174Z[0m [32m INFO[0m camera_start_exposure: Simulator exposure started
[2m2026-08-14T03:59:56.857553Z[0m [32m INFO[0m [STAR_DETECT] Image 1920x1080, pixel range: 502-63862, avg: 516.2
[2m2026-08-14T03:59:56.857575Z[0m [32m INFO[0m [STAR_DETECT] Background: 515.0, Noise: 3.2, Threshold: 531.1 (sigma=5)
[2m2026-08-14T03:59:56.870267Z[0m [32m INFO[0m [STAR_DETECT] Measured 119 sources (eccentricity <= 0.95), 119 at the requested ceiling (<= 0.95), 110 usable (<= 0.70)
[2m2026-08-14T03:59:56.871533Z[0m [32m INFO[0m DeviceManager: camera_start_exposure for sim_camera_1 duration=1
[2m2026-08-14T03:59:56.871540Z[0m [32m INFO[0m camera_start_exposure: Simulator exposure started
[2m2026-08-14T03:59:57.911679Z[0m [32m INFO[0m [STAR_DETECT] Image 1920x1080, pixel range: 502-63820, avg: 516.2
[2m2026-08-14T03:59:57.911703Z[0m [32m INFO[0m [STAR_DETECT] Background: 515.0, Noise: 3.2, Threshold: 531.1 (sigma=5)
[2m2026-08-14T03:59:57.925322Z[0m [32m INFO[0m [STAR_DETECT] Measured 115 sources (eccentricity <= 0.95), 115 at the requested ceiling (<= 0.95), 106 usable (<= 0.70)
[2m2026-08-14T03:59:57.926937Z[0m [32m INFO[0m DeviceManager: camera_start_exposure for sim_camera_1 duration=1
[2m2026-08-14T03:59:57.926944Z[0m [32m INFO[0m camera_start_exposure: Simulator exposure started
[2m2026-08-14T03:59:58.965188Z[0m [32m INFO[0m [STAR_DETECT] Image 1920x1080, pixel range: 502-63843, avg: 516.2
[2m2026-08-14T03:59:58.965210Z[0m [32m INFO[0m [STAR_DETECT] Background: 515.0, Noise: 3.2, Threshold: 531.1 (sigma=5)
[2m2026-08-14T03:59:58.978325Z[0m [32m INFO[0m [STAR_DETECT] Measured 116 sources (eccentricity <= 0.95), 116 at the requested ceiling (<= 0.95), 109 usable (<= 0.70)
[2m2026-08-14T03:59:58.979796Z[0m [32m INFO[0m DeviceManager: camera_start_exposure for sim_camera_1 duration=1
[2m2026-08-14T03:59:58.979804Z[0m [32m INFO[0m camera_start_exposure: Simulator exposure started
[2m2026-08-14T04:00:00.017398Z[0m [32m INFO[0m [STAR_DETECT] Image 1920x1080, pixel range: 502-63936, avg: 516.2
[2m2026-08-14T04:00:00.017421Z[0m [32m INFO[0m [STAR_DETECT] Background: 515.0, Noise: 3.2, Threshold: 531.1 (sigma=5)
[2m2026-08-14T04:00:00.029717Z[0m [32m INFO[0m [STAR_DETECT] Measured 118 sources (eccentricity <= 0.95), 118 at the requested ceiling (<= 0.95), 107 usable (<= 0.70)
[2m2026-08-14T04:00:00.031297Z[0m [32m INFO[0m DeviceManager: camera_start_exposure for sim_camera_1 duration=1
[2m2026-08-14T04:00:00.031305Z[0m [32m INFO[0m camera_start_exposure: Simulator exposure started
[2m2026-08-14T04:00:01.068125Z[0m [32m INFO[0m [STAR_DETECT] Image 1920x1080, pixel range: 502-63863, avg: 516.2
[2m2026-08-14T04:00:01.068147Z[0m [32m INFO[0m [STAR_DETECT] Background: 515.0, Noise: 3.2, Threshold: 531.1 (sigma=5)
[2m2026-08-14T04:00:01.080876Z[0m [32m INFO[0m [STAR_DETECT] Measured 122 sources (eccentricity <= 0.95), 122 at the requested ceiling (<= 0.95), 113 usable (<= 0.70)
[2m2026-08-14T04:00:01.081717Z[0m [32m INFO[0m DeviceManager: camera_start_exposure for sim_camera_1 duration=1
[2m2026-08-14T04:00:01.081724Z[0m [32m INFO[0m camera_start_exposure: Simulator exposure started
[2m2026-08-14T04:00:02.118538Z[0m [32m INFO[0m [STAR_DETECT] Image 1920x1080, pixel range: 502-63783, avg: 516.2
[2m2026-08-14T04:00:02.118562Z[0m [32m INFO[0m [STAR_DETECT] Background: 515.0, Noise: 3.2, Threshold: 531.1 (sigma=5)
[2m2026-08-14T04:00:02.131601Z[0m [32m INFO[0m [STAR_DETECT] Measured 118 sources (eccentricity <= 0.95), 118 at the requested ceiling (<= 0.95), 109 usable (<= 0.70)
[2m2026-08-14T04:00:02.132511Z[0m [32m INFO[0m DeviceManager: camera_start_exposure for sim_camera_1 duration=1
[2m2026-08-14T04:00:02.132518Z[0m [32m INFO[0m camera_start_exposure: Simulator exposure started
[2m2026-08-14T04:00:03.168554Z[0m [32m INFO[0m [STAR_DETECT] Image 1920x1080, pixel range: 502-63614, avg: 516.2
[2m2026-08-14T04:00:03.168580Z[0m [32m INFO[0m [STAR_DETECT] Background: 515.0, Noise: 3.2, Threshold: 531.1 (sigma=5)
[2m2026-08-14T04:00:03.180318Z[0m [32m INFO[0m [STAR_DETECT] Measured 119 sources (eccentricity <= 0.95), 119 at the requested ceiling (<= 0.95), 113 usable (<= 0.70)
[2m2026-08-14T04:00:03.180379Z[0m [32m INFO[0m DeviceManager: camera_start_exposure for sim_camera_1 duration=1
[2m2026-08-14T04:00:03.180386Z[0m [32m INFO[0m camera_start_exposure: Simulator exposure started
[2m2026-08-14T04:00:04.214442Z[0m [32m INFO[0m [STAR_DETECT] Image 1920x1080, pixel range: 502-63205, avg: 516.2
[2m2026-08-14T04:00:04.214465Z[0m [32m INFO[0m [STAR_DETECT] Background: 515.0, Noise: 3.2, Threshold: 531.1 (sigma=5)
[2m2026-08-14T04:00:04.225937Z[0m [32m INFO[0m [STAR_DETECT] Measured 116 sources (eccentricity <= 0.95), 116 at the requested ceiling (<= 0.95), 109 usable (<= 0.70)
[2m2026-08-14T04:00:04.226180Z[0m [32m INFO[0m DeviceManager: camera_start_exposure for sim_camera_1 duration=1
[2m2026-08-14T04:00:04.226187Z[0m [32m INFO[0m camera_start_exposure: Simulator exposure started
[2m2026-08-14T04:00:05.264874Z[0m [32m INFO[0m [STAR_DETECT] Image 1920x1080, pixel range: 501-63246, avg: 516.2
[2m2026-08-14T04:00:05.264899Z[0m [32m INFO[0m [STAR_DETECT] Background: 515.0, Noise: 3.2, Threshold: 531.2 (sigma=5)
[2m2026-08-14T04:00:05.280555Z[0m [32m INFO[0m [STAR_DETECT] Measured 116 sources (eccentricity <= 0.95), 116 at the requested ceiling (<= 0.95), 110 usable (<= 0.70)
[2m2026-08-14T04:00:05.281400Z[0m [32m INFO[0m DeviceManager: camera_start_exposure for sim_camera_1 duration=1
[2m2026-08-14T04:00:05.281409Z[0m [32m INFO[0m camera_start_exposure: Simulator exposure started
[2m2026-08-14T04:00:06.318434Z[0m [32m INFO[0m [STAR_DETECT] Image 1920x1080, pixel range: 502-62991, avg: 516.2
[2m2026-08-14T04:00:06.318459Z[0m [32m INFO[0m [STAR_DETECT] Background: 515.0, Noise: 3.2, Threshold: 531.1 (sigma=5)
[2m2026-08-14T04:00:06.335287Z[0m [32m INFO[0m [STAR_DETECT] Measured 120 sources (eccentricity <= 0.95), 120 at the requested ceiling (<= 0.95), 110 usable (<= 0.70)
[2m2026-08-14T04:00:06.336113Z[0m [32m INFO[0m DeviceManager: camera_start_exposure for sim_camera_1 duration=1
[2m2026-08-14T04:00:06.336123Z[0m [32m INFO[0m camera_start_exposure: Simulator exposure started
[2m2026-08-14T04:00:07.375969Z[0m [32m INFO[0m [STAR_DETECT] Image 1920x1080, pixel range: 502-62889, avg: 516.2
[2m2026-08-14T04:00:07.375992Z[0m [32m INFO[0m [STAR_DETECT] Background: 515.0, Noise: 3.2, Threshold: 531.1 (sigma=5)
[2m2026-08-14T04:00:07.389602Z[0m [32m INFO[0m [STAR_DETECT] Measured 122 sources (eccentricity <= 0.95), 122 at the requested ceiling (<= 0.95), 111 usable (<= 0.70)
[2m2026-08-14T04:00:07.390919Z[0m [32m INFO[0m DeviceManager: camera_start_exposure for sim_camera_1 duration=1
[2m2026-08-14T04:00:07.390927Z[0m [32m INFO[0m camera_start_exposure: Simulator exposure started
[2m2026-08-14T04:00:08.429878Z[0m [32m INFO[0m [STAR_DETECT] Image 1920x1080, pixel range: 502-62773, avg: 516.2
[2m2026-08-14T04:00:08.429901Z[0m [32m INFO[0m [STAR_DETECT] Background: 515.0, Noise: 3.2, Threshold: 531.1 (sigma=5)
[2m2026-08-14T04:00:08.442635Z[0m [32m INFO[0m [STAR_DETECT] Measured 123 sources (eccentricity <= 0.95), 123 at the requested ceiling (<= 0.95), 111 usable (<= 0.70)
[2m2026-08-14T04:00:08.443736Z[0m [32m INFO[0m DeviceManager: camera_start_exposure for sim_camera_1 duration=1
[2m2026-08-14T04:00:08.443742Z[0m [32m INFO[0m camera_start_exposure: Simulator exposure started
[2m2026-08-14T04:00:09.528206Z[0m [32m INFO[0m [STAR_DETECT] Image 1920x1080, pixel range: 502-62576, avg: 516.2
[2m2026-08-14T04:00:09.528239Z[0m [32m INFO[0m [STAR_DETECT] Background: 515.0, Noise: 3.2, Threshold: 531.1 (sigma=5)
[2m2026-08-14T04:00:09.551610Z[0m [32m INFO[0m [STAR_DETECT] Measured 120 sources (eccentricity <= 0.95), 120 at the requested ceiling (<= 0.95), 111 usable (<= 0.70)
[2m2026-08-14T04:00:09.551677Z[0m [32m INFO[0m DeviceManager: camera_start_exposure for sim_camera_1 duration=1
[2m2026-08-14T04:00:09.551687Z[0m [32m INFO[0m camera_start_exposure: Simulator exposure started
[2m2026-08-14T04:00:10.599862Z[0m [32m INFO[0m [STAR_DETECT] Image 1920x1080, pixel range: 502-62735, avg: 516.2
[2m2026-08-14T04:00:10.599893Z[0m [32m INFO[0m [STAR_DETECT] Background: 515.0, Noise: 3.2, Threshold: 531.1 (sigma=5)
[2m2026-08-14T04:00:10.615686Z[0m [32m INFO[0m [STAR_DETECT] Measured 116 sources (eccentricity <= 0.95), 116 at the requested ceiling (<= 0.95), 108 usable (<= 0.70)
[2m2026-08-14T04:00:10.617193Z[0m [32m INFO[0m DeviceManager: camera_start_exposure for sim_camera_1 duration=1
[2m2026-08-14T04:00:10.617202Z[0m [32m INFO[0m camera_start_exposure: Simulator exposure started
[2m2026-08-14T04:00:11.664419Z[0m [32m INFO[0m [STAR_DETECT] Image 1920x1080, pixel range: 502-62136, avg: 516.2
[2m2026-08-14T04:00:11.664442Z[0m [32m INFO[0m [STAR_DETECT] Background: 515.0, Noise: 3.2, Threshold: 531.1 (sigma=5)
[2m2026-08-14T04:00:11.683064Z[0m [32m INFO[0m [STAR_DETECT] Measured 120 sources (eccentricity <= 0.95), 120 at the requested ceiling (<= 0.95), 110 usable (<= 0.70)
[2m2026-08-14T04:00:11.683150Z[0m [32m INFO[0m DeviceManager: camera_start_exposure for sim_camera_1 duration=1
[2m2026-08-14T04:00:11.683160Z[0m [32m INFO[0m camera_start_exposure: Simulator exposure started
[2m2026-08-14T04:00:12.758666Z[0m [32m INFO[0m [STAR_DETECT] Image 1920x1080, pixel range: 501-62185, avg: 516.2
[2m2026-08-14T04:00:12.758698Z[0m [32m INFO[0m [STAR_DETECT] Background: 515.0, Noise: 3.2, Threshold: 531.1 (sigma=5)
[2m2026-08-14T04:00:12.780892Z[0m [32m INFO[0m [STAR_DETECT] Measured 118 sources (eccentricity <= 0.95), 118 at the requested ceiling (<= 0.95), 109 usable (<= 0.70)
[2m2026-08-14T04:00:12.782898Z[0m [32m INFO[0m DeviceManager: camera_start_exposure for sim_camera_1 duration=1
[2m2026-08-14T04:00:12.782908Z[0m [32m INFO[0m camera_start_exposure: Simulator exposure started
[2m2026-08-14T04:00:13.834444Z[0m [32m INFO[0m [STAR_DETECT] Image 1920x1080, pixel range: 502-63040, avg: 516.2
[2m2026-08-14T04:00:13.834481Z[0m [32m INFO[0m [STAR_DETECT] Background: 515.0, Noise: 3.2, Threshold: 531.1 (sigma=5)
[2m2026-08-14T04:00:13.861826Z[0m [32m INFO[0m [STAR_DETECT] Measured 117 sources (eccentricity <= 0.95), 117 at the requested ceiling (<= 0.95), 108 usable (<= 0.70)
[2m2026-08-14T04:00:13.866178Z[0m [32m INFO[0m DeviceManager: camera_start_exposure for sim_camera_1 duration=1
[2m2026-08-14T04:00:13.866219Z[0m [32m INFO[0m camera_start_exposure: Simulator exposure started
[2m2026-08-14T04:00:14.923448Z[0m [32m INFO[0m [STAR_DETECT] Image 1920x1080, pixel range: 501-63154, avg: 516.2
[2m2026-08-14T04:00:14.923478Z[0m [32m INFO[0m [STAR_DETECT] Background: 515.0, Noise: 3.2, Threshold: 531.1 (sigma=5)
[2m2026-08-14T04:00:14.948324Z[0m [32m INFO[0m [STAR_DETECT] Measured 117 sources (eccentricity <= 0.95), 117 at the requested ceiling (<= 0.95), 109 usable (<= 0.70)
[2m2026-08-14T04:00:14.950474Z[0m [32m INFO[0m DeviceManager: camera_start_exposure for sim_camera_1 duration=1
[2m2026-08-14T04:00:14.950495Z[0m [32m INFO[0m camera_start_exposure: Simulator exposure started
[2m2026-08-14T04:00:16.004195Z[0m [32m INFO[0m [STAR_DETECT] Image 1920x1080, pixel range: 502-63602, avg: 516.2
[2m2026-08-14T04:00:16.004226Z[0m [32m INFO[0m [STAR_DETECT] Background: 515.0, Noise: 3.2, Threshold: 531.1 (sigma=5)
[2m2026-08-14T04:00:16.025275Z[0m [32m INFO[0m [STAR_DETECT] Measured 120 sources (eccentricity <= 0.95), 120 at the requested ceiling (<= 0.95), 111 usable (<= 0.70)
[2m2026-08-14T04:00:16.025375Z[0m [32m INFO[0m DeviceManager: camera_start_exposure for sim_camera_1 duration=1
[2m2026-08-14T04:00:16.025383Z[0m [32m INFO[0m camera_start_exposure: Simulator exposure started
[2m2026-08-14T04:00:17.086975Z[0m [32m INFO[0m [STAR_DETECT] Image 1920x1080, pixel range: 502-64073, avg: 516.2
[2m2026-08-14T04:00:17.087015Z[0m [32m INFO[0m [STAR_DETECT] Background: 515.0, Noise: 3.2, Threshold: 531.2 (sigma=5)
[2m2026-08-14T04:00:17.121928Z[0m [32m INFO[0m [STAR_DETECT] Measured 121 sources (eccentricity <= 0.95), 121 at the requested ceiling (<= 0.95), 112 usable (<= 0.70)
[2m2026-08-14T04:00:17.126413Z[0m [32m INFO[0m DeviceManager: camera_start_exposure for sim_camera_1 duration=1
[2m2026-08-14T04:00:17.126432Z[0m [32m INFO[0m camera_start_exposure: Simulator exposure started
[2m2026-08-14T04:00:18.179669Z[0m [32m INFO[0m [STAR_DETECT] Image 1920x1080, pixel range: 502-64112, avg: 516.2
[2m2026-08-14T04:00:18.179713Z[0m [32m INFO[0m [STAR_DETECT] Background: 515.0, Noise: 3.2, Threshold: 531.1 (sigma=5)
[2m2026-08-14T04:00:18.198967Z[0m [32m INFO[0m [STAR_DETECT] Measured 122 sources (eccentricity <= 0.95), 122 at the requested ceiling (<= 0.95), 110 usable (<= 0.70)
[2m2026-08-14T04:00:18.199044Z[0m [32m INFO[0m DeviceManager: camera_start_exposure for sim_camera_1 duration=1
[2m2026-08-14T04:00:18.199055Z[0m [32m INFO[0m camera_start_exposure: Simulator exposure started
[2m2026-08-14T04:00:19.259347Z[0m [32m INFO[0m [STAR_DETECT] Image 1920x1080, pixel range: 502-64631, avg: 516.2
[2m2026-08-14T04:00:19.259388Z[0m [32m INFO[0m [STAR_DETECT] Background: 515.0, Noise: 3.2, Threshold: 531.1 (sigma=5)
[2m2026-08-14T04:00:19.282624Z[0m [32m INFO[0m [STAR_DETECT] Measured 120 sources (eccentricity <= 0.95), 120 at the requested ceiling (<= 0.95), 111 usable (<= 0.70)
[2m2026-08-14T04:00:19.286274Z[0m [32m INFO[0m DeviceManager: camera_start_exposure for sim_camera_1 duration=1
[2m2026-08-14T04:00:19.286298Z[0m [32m INFO[0m camera_start_exposure: Simulator exposure started
[2m2026-08-14T04:00:20.352099Z[0m [32m INFO[0m [STAR_DETECT] Image 1920x1080, pixel range: 502-64259, avg: 516.2
[2m2026-08-14T04:00:20.352147Z[0m [32m INFO[0m [STAR_DETECT] Background: 515.0, Noise: 3.2, Threshold: 531.1 (sigma=5)
[2m2026-08-14T04:00:20.379820Z[0m [32m INFO[0m [STAR_DETECT] Measured 119 sources (eccentricity <= 0.95), 119 at the requested ceiling (<= 0.95), 111 usable (<= 0.70)
[2m2026-08-14T04:00:20.379991Z[0m [32m INFO[0m DeviceManager: camera_start_exposure for sim_camera_1 duration=1
[2m2026-08-14T04:00:20.380006Z[0m [32m INFO[0m camera_start_exposure: Simulator exposure started
[2m2026-08-14T04:00:21.424968Z[0m [32m INFO[0m [STAR_DETECT] Image 1920x1080, pixel range: 502-64836, avg: 516.2
[2m2026-08-14T04:00:21.424994Z[0m [32m INFO[0m [STAR_DETECT] Background: 515.0, Noise: 3.2, Threshold: 531.1 (sigma=5)
[2m2026-08-14T04:00:21.438653Z[0m [32m INFO[0m [STAR_DETECT] Measured 119 sources (eccentricity <= 0.95), 119 at the requested ceiling (<= 0.95), 112 usable (<= 0.70)
[2m2026-08-14T04:00:21.441116Z[0m [32m INFO[0m DeviceManager: camera_start_exposure for sim_camera_1 duration=1
[2m2026-08-14T04:00:21.441123Z[0m [32m INFO[0m camera_start_exposure: Simulator exposure started
[2m2026-08-14T04:00:22.478647Z[0m [32m INFO[0m [STAR_DETECT] Image 1920x1080, pixel range: 502-64984, avg: 516.2
[2m2026-08-14T04:00:22.478668Z[0m [32m INFO[0m [STAR_DETECT] Background: 515.0, Noise: 3.2, Threshold: 531.1 (sigma=5)
[2m2026-08-14T04:00:22.491160Z[0m [32m INFO[0m [STAR_DETECT] Measured 117 sources (eccentricity <= 0.95), 117 at the requested ceiling (<= 0.95), 108 usable (<= 0.70)
[2m2026-08-14T04:00:22.491213Z[0m [32m INFO[0m DeviceManager: camera_start_exposure for sim_camera_1 duration=1
[2m2026-08-14T04:00:22.491219Z[0m [32m INFO[0m camera_start_exposure: Simulator exposure started
[2m2026-08-14T04:00:23.530580Z[0m [32m INFO[0m [STAR_DETECT] Image 1920x1080, pixel range: 502-65311, avg: 516.2
[2m2026-08-14T04:00:23.530601Z[0m [32m INFO[0m [STAR_DETECT] Background: 515.0, Noise: 3.2, Threshold: 531.1 (sigma=5)
[2m2026-08-14T04:00:23.544838Z[0m [32m INFO[0m [STAR_DETECT] Measured 121 sources (eccentricity <= 0.95), 121 at the requested ceiling (<= 0.95), 111 usable (<= 0.70)
[2m2026-08-14T04:00:23.547480Z[0m [32m INFO[0m DeviceManager: camera_start_exposure for sim_camera_1 duration=1
[2m2026-08-14T04:00:23.547487Z[0m [32m INFO[0m camera_start_exposure: Simulator exposure started
[2m2026-08-14T04:00:24.585080Z[0m [32m INFO[0m [STAR_DETECT] Image 1920x1080, pixel range: 502-65043, avg: 516.2
[2m2026-08-14T04:00:24.585110Z[0m [32m INFO[0m [STAR_DETECT] Background: 515.0, Noise: 3.2, Threshold: 531.1 (sigma=5)
[2m2026-08-14T04:00:24.597059Z[0m [32m INFO[0m [STAR_DETECT] Measured 124 sources (eccentricity <= 0.95), 124 at the requested ceiling (<= 0.95), 114 usable (<= 0.70)
[2m2026-08-14T04:00:24.597108Z[0m [32m INFO[0m DeviceManager: camera_start_exposure for sim_camera_1 duration=1
[2m2026-08-14T04:00:24.597114Z[0m [32m INFO[0m camera_start_exposure: Simulator exposure started
[2m2026-08-14T04:00:25.637709Z[0m [32m INFO[0m [STAR_DETECT] Image 1920x1080, pixel range: 502-65110, avg: 516.2
[2m2026-08-14T04:00:25.637732Z[0m [32m INFO[0m [STAR_DETECT] Background: 515.0, Noise: 3.2, Threshold: 531.1 (sigma=5)
[2m2026-08-14T04:00:25.651492Z[0m [32m INFO[0m [STAR_DETECT] Measured 120 sources (eccentricity <= 0.95), 120 at the requested ceiling (<= 0.95), 113 usable (<= 0.70)
[2m2026-08-14T04:00:25.654161Z[0m [32m INFO[0m DeviceManager: camera_start_exposure for sim_camera_1 duration=1
[2m2026-08-14T04:00:25.654171Z[0m [32m INFO[0m camera_start_exposure: Simulator exposure started
[2m2026-08-14T04:00:26.693731Z[0m [32m INFO[0m [STAR_DETECT] Image 1920x1080, pixel range: 502-64434, avg: 516.2
[2m2026-08-14T04:00:26.693754Z[0m [32m INFO[0m [STAR_DETECT] Background: 515.0, Noise: 3.2, Threshold: 531.1 (sigma=5)
[2m2026-08-14T04:00:26.706153Z[0m [32m INFO[0m [STAR_DETECT] Measured 118 sources (eccentricity <= 0.95), 118 at the requested ceiling (<= 0.95), 110 usable (<= 0.70)
[2m2026-08-14T04:00:26.707933Z[0m [32m INFO[0m DeviceManager: camera_start_exposure for sim_camera_1 duration=1
[2m2026-08-14T04:00:26.707940Z[0m [32m INFO[0m camera_start_exposure: Simulator exposure started
[2m2026-08-14T04:00:27.751032Z[0m [32m INFO[0m [STAR_DETECT] Image 1920x1080, pixel range: 502-64580, avg: 516.2
[2m2026-08-14T04:00:27.751056Z[0m [32m INFO[0m [STAR_DETECT] Background: 515.0, Noise: 3.2, Threshold: 531.1 (sigma=5)
[2m2026-08-14T04:00:27.767475Z[0m [32m INFO[0m [STAR_DETECT] Measured 120 sources (eccentricity <= 0.95), 120 at the requested ceiling (<= 0.95), 112 usable (<= 0.70)
[2m2026-08-14T04:00:27.770537Z[0m [32m INFO[0m DeviceManager: camera_start_exposure for sim_camera_1 duration=1
[2m2026-08-14T04:00:27.770547Z[0m [32m INFO[0m camera_start_exposure: Simulator exposure started
[2m2026-08-14T04:00:28.811531Z[0m [32m INFO[0m [STAR_DETECT] Image 1920x1080, pixel range: 501-64118, avg: 516.2
[2m2026-08-14T04:00:28.811555Z[0m [32m INFO[0m [STAR_DETECT] Background: 515.0, Noise: 3.2, Threshold: 531.1 (sigma=5)
[2m2026-08-14T04:00:28.826329Z[0m [32m INFO[0m [STAR_DETECT] Measured 119 sources (eccentricity <= 0.95), 119 at the requested ceiling (<= 0.95), 111 usable (<= 0.70)
[2m2026-08-14T04:00:28.828156Z[0m [32m INFO[0m DeviceManager: camera_start_exposure for sim_camera_1 duration=1
[2m2026-08-14T04:00:28.828165Z[0m [32m INFO[0m camera_start_exposure: Simulator exposure started
[2m2026-08-14T04:00:29.864738Z[0m [32m INFO[0m [STAR_DETECT] Image 1920x1080, pixel range: 502-63680, avg: 516.2
[2m2026-08-14T04:00:29.864760Z[0m [32m INFO[0m [STAR_DETECT] Background: 515.0, Noise: 3.2, Threshold: 531.1 (sigma=5)
[2m2026-08-14T04:00:29.878664Z[0m [32m INFO[0m [STAR_DETECT] Measured 116 sources (eccentricity <= 0.95), 116 at the requested ceiling (<= 0.95), 108 usable (<= 0.70)
[2m2026-08-14T04:00:29.878708Z[0m [32m INFO[0m DeviceManager: camera_start_exposure for sim_camera_1 duration=1
[2m2026-08-14T04:00:29.878715Z[0m [32m INFO[0m camera_start_exposure: Simulator exposure started
[2m2026-08-14T04:00:30.917685Z[0m [32m INFO[0m [STAR_DETECT] Image 1920x1080, pixel range: 502-64050, avg: 516.2
[2m2026-08-14T04:00:30.917708Z[0m [32m INFO[0m [STAR_DETECT] Background: 515.0, Noise: 3.2, Threshold: 531.1 (sigma=5)
[2m2026-08-14T04:00:30.930484Z[0m [32m INFO[0m [STAR_DETECT] Measured 116 sources (eccentricity <= 0.95), 116 at the requested ceiling (<= 0.95), 108 usable (<= 0.70)
[2m2026-08-14T04:00:30.932962Z[0m [32m INFO[0m DeviceManager: camera_start_exposure for sim_camera_1 duration=1
[2m2026-08-14T04:00:30.932970Z[0m [32m INFO[0m camera_start_exposure: Simulator exposure started
[2m2026-08-14T04:00:31.974412Z[0m [32m INFO[0m [STAR_DETECT] Image 1920x1080, pixel range: 502-63063, avg: 516.2
[2m2026-08-14T04:00:31.974437Z[0m [32m INFO[0m [STAR_DETECT] Background: 515.0, Noise: 3.2, Threshold: 531.1 (sigma=5)
[2m2026-08-14T04:00:31.989984Z[0m [32m INFO[0m [STAR_DETECT] Measured 115 sources (eccentricity <= 0.95), 115 at the requested ceiling (<= 0.95), 106 usable (<= 0.70)
[2m2026-08-14T04:00:31.991975Z[0m [32m INFO[0m DeviceManager: camera_start_exposure for sim_camera_1 duration=1
[2m2026-08-14T04:00:31.991982Z[0m [32m INFO[0m camera_start_exposure: Simulator exposure started
[2m2026-08-14T04:00:33.029556Z[0m [32m INFO[0m [STAR_DETECT] Image 1920x1080, pixel range: 502-63526, avg: 516.2
[2m2026-08-14T04:00:33.029580Z[0m [32m INFO[0m [STAR_DETECT] Background: 515.0, Noise: 3.2, Threshold: 531.1 (sigma=5)
[2m2026-08-14T04:00:33.044625Z[0m [32m INFO[0m [STAR_DETECT] Measured 122 sources (eccentricity <= 0.95), 122 at the requested ceiling (<= 0.95), 111 usable (<= 0.70)
[2m2026-08-14T04:00:33.044682Z[0m [32m INFO[0m DeviceManager: camera_start_exposure for sim_camera_1 duration=1
[2m2026-08-14T04:00:33.044691Z[0m [32m INFO[0m camera_start_exposure: Simulator exposure started
[2m2026-08-14T04:00:34.085066Z[0m [32m INFO[0m [STAR_DETECT] Image 1920x1080, pixel range: 502-63564, avg: 516.2
[2m2026-08-14T04:00:34.085095Z[0m [32m INFO[0m [STAR_DETECT] Background: 515.0, Noise: 3.2, Threshold: 531.1 (sigma=5)
[2m2026-08-14T04:00:34.099224Z[0m [32m INFO[0m [STAR_DETECT] Measured 120 sources (eccentricity <= 0.95), 120 at the requested ceiling (<= 0.95), 111 usable (<= 0.70)
[2m2026-08-14T04:00:34.101432Z[0m [32m INFO[0m DeviceManager: camera_start_exposure for sim_camera_1 duration=1
[2m2026-08-14T04:00:34.101440Z[0m [32m INFO[0m camera_start_exposure: Simulator exposure started
[2m2026-08-14T04:00:35.140695Z[0m [32m INFO[0m [STAR_DETECT] Image 1920x1080, pixel range: 502-64060, avg: 516.2
[2m2026-08-14T04:00:35.140719Z[0m [32m INFO[0m [STAR_DETECT] Background: 515.0, Noise: 3.2, Threshold: 531.1 (sigma=5)
[2m2026-08-14T04:00:35.152566Z[0m [32m INFO[0m [STAR_DETECT] Measured 116 sources (eccentricity <= 0.95), 116 at the requested ceiling (<= 0.95), 107 usable (<= 0.70)
[2m2026-08-14T04:00:35.152618Z[0m [32m INFO[0m DeviceManager: camera_start_exposure for sim_camera_1 duration=1
[2m2026-08-14T04:00:35.152624Z[0m [32m INFO[0m camera_start_exposure: Simulator exposure started
[2m2026-08-14T04:00:36.198294Z[0m [32m INFO[0m [STAR_DETECT] Image 1920x1080, pixel range: 502-64537, avg: 516.2
[2m2026-08-14T04:00:36.198329Z[0m [32m INFO[0m [STAR_DETECT] Background: 515.0, Noise: 3.2, Threshold: 531.1 (sigma=5)
[2m2026-08-14T04:00:36.214860Z[0m [32m INFO[0m [STAR_DETECT] Measured 115 sources (eccentricity <= 0.95), 115 at the requested ceiling (<= 0.95), 108 usable (<= 0.70)
[2m2026-08-14T04:00:36.216946Z[0m [32m INFO[0m DeviceManager: camera_start_exposure for sim_camera_1 duration=1
[2m2026-08-14T04:00:36.216954Z[0m [32m INFO[0m camera_start_exposure: Simulator exposure started
[2m2026-08-14T04:00:37.253310Z[0m [32m INFO[0m [STAR_DETECT] Image 1920x1080, pixel range: 502-64322, avg: 516.2
[2m2026-08-14T04:00:37.253333Z[0m [32m INFO[0m [STAR_DETECT] Background: 515.0, Noise: 3.2, Threshold: 531.1 (sigma=5)
[2m2026-08-14T04:00:37.266160Z[0m [32m INFO[0m [STAR_DETECT] Measured 119 sources (eccentricity <= 0.95), 119 at the requested ceiling (<= 0.95), 108 usable (<= 0.70)
[2m2026-08-14T04:00:37.266210Z[0m [32m INFO[0m DeviceManager: camera_start_exposure for sim_camera_1 duration=1
[2m2026-08-14T04:00:37.266217Z[0m [32m INFO[0m camera_start_exposure: Simulator exposure started
[2m2026-08-14T04:00:38.305807Z[0m [32m INFO[0m [STAR_DETECT] Image 1920x1080, pixel range: 502-64781, avg: 516.2
[2m2026-08-14T04:00:38.305839Z[0m [32m INFO[0m [STAR_DETECT] Background: 515.0, Noise: 3.2, Threshold: 531.1 (sigma=5)
[2m2026-08-14T04:00:38.322108Z[0m [32m INFO[0m [STAR_DETECT] Measured 116 sources (eccentricity <= 0.95), 116 at the requested ceiling (<= 0.95), 110 usable (<= 0.70)
[2m2026-08-14T04:00:38.325491Z[0m [32m INFO[0m DeviceManager: camera_start_exposure for sim_camera_1 duration=1
[2m2026-08-14T04:00:38.325502Z[0m [32m INFO[0m camera_start_exposure: Simulator exposure started
[2m2026-08-14T04:00:39.363451Z[0m [32m INFO[0m [STAR_DETECT] Image 1920x1080, pixel range: 502-64779, avg: 516.2
[2m2026-08-14T04:00:39.363473Z[0m [32m INFO[0m [STAR_DETECT] Background: 515.0, Noise: 3.2, Threshold: 531.1 (sigma=5)
[2m2026-08-14T04:00:39.376146Z[0m [32m INFO[0m [STAR_DETECT] Measured 114 sources (eccentricity <= 0.95), 114 at the requested ceiling (<= 0.95), 106 usable (<= 0.70)
[2m2026-08-14T04:00:39.377981Z[0m [32m INFO[0m DeviceManager: camera_start_exposure for sim_camera_1 duration=1
[2m2026-08-14T04:00:39.377988Z[0m [32m INFO[0m camera_start_exposure: Simulator exposure started
[2m2026-08-14T04:00:40.420427Z[0m [32m INFO[0m [STAR_DETECT] Image 1920x1080, pixel range: 502-64918, avg: 516.2
[2m2026-08-14T04:00:40.420459Z[0m [32m INFO[0m [STAR_DETECT] Background: 515.0, Noise: 3.2, Threshold: 531.1 (sigma=5)
[2m2026-08-14T04:00:40.434445Z[0m [32m INFO[0m [STAR_DETECT] Measured 120 sources (eccentricity <= 0.95), 120 at the requested ceiling (<= 0.95), 112 usable (<= 0.70)
[2m2026-08-14T04:00:40.437007Z[0m [32m INFO[0m DeviceManager: camera_start_exposure for sim_camera_1 duration=1
[2m2026-08-14T04:00:40.437016Z[0m [32m INFO[0m camera_start_exposure: Simulator exposure started
[2m2026-08-14T04:00:41.477045Z[0m [32m INFO[0m [STAR_DETECT] Image 1920x1080, pixel range: 502-64814, avg: 516.2
[2m2026-08-14T04:00:41.477068Z[0m [32m INFO[0m [STAR_DETECT] Background: 515.0, Noise: 3.2, Threshold: 531.1 (sigma=5)
[2m2026-08-14T04:00:41.490899Z[0m [32m INFO[0m [STAR_DETECT] Measured 122 sources (eccentricity <= 0.95), 122 at the requested ceiling (<= 0.95), 110 usable (<= 0.70)
[2m2026-08-14T04:00:41.492775Z[0m [32m INFO[0m DeviceManager: camera_start_exposure for sim_camera_1 duration=1
[2m2026-08-14T04:00:41.492782Z[0m [32m INFO[0m camera_start_exposure: Simulator exposure started
[2m2026-08-14T04:00:42.534908Z[0m [32m INFO[0m [STAR_DETECT] Image 1920x1080, pixel range: 502-64772, avg: 516.2
[2m2026-08-14T04:00:42.534929Z[0m [32m INFO[0m [STAR_DETECT] Background: 515.0, Noise: 3.2, Threshold: 531.1 (sigma=5)
[2m2026-08-14T04:00:42.547734Z[0m [32m INFO[0m [STAR_DETECT] Measured 119 sources (eccentricity <= 0.95), 119 at the requested ceiling (<= 0.95), 114 usable (<= 0.70)
[2m2026-08-14T04:00:42.549580Z[0m [32m INFO[0m DeviceManager: camera_start_exposure for sim_camera_1 duration=1
[2m2026-08-14T04:00:42.549588Z[0m [32m INFO[0m camera_start_exposure: Simulator exposure started
[2m2026-08-14T04:00:43.587886Z[0m [32m INFO[0m [STAR_DETECT] Image 1920x1080, pixel range: 502-64567, avg: 516.2
[2m2026-08-14T04:00:43.587909Z[0m [32m INFO[0m [STAR_DETECT] Background: 515.0, Noise: 3.2, Threshold: 531.1 (sigma=5)
[2m2026-08-14T04:00:43.600492Z[0m [32m INFO[0m [STAR_DETECT] Measured 117 sources (eccentricity <= 0.95), 117 at the requested ceiling (<= 0.95), 108 usable (<= 0.70)
[2m2026-08-14T04:00:43.600552Z[0m [32m INFO[0m DeviceManager: camera_start_exposure for sim_camera_1 duration=1
[2m2026-08-14T04:00:43.600558Z[0m [32m INFO[0m camera_start_exposure: Simulator exposure started
[2m2026-08-14T04:00:44.642834Z[0m [32m INFO[0m [STAR_DETECT] Image 1920x1080, pixel range: 502-64321, avg: 516.2
[2m2026-08-14T04:00:44.642859Z[0m [32m INFO[0m [STAR_DETECT] Background: 515.0, Noise: 3.2, Threshold: 531.1 (sigma=5)
[2m2026-08-14T04:00:44.656353Z[0m [32m INFO[0m [STAR_DETECT] Measured 118 sources (eccentricity <= 0.95), 118 at the requested ceiling (<= 0.95), 110 usable (<= 0.70)
[2m2026-08-14T04:00:44.658259Z[0m [32m INFO[0m DeviceManager: camera_start_exposure for sim_camera_1 duration=1
[2m2026-08-14T04:00:44.658267Z[0m [32m INFO[0m camera_start_exposure: Simulator exposure started
[2m2026-08-14T04:00:45.704599Z[0m [32m INFO[0m [STAR_DETECT] Image 1920x1080, pixel range: 501-64021, avg: 516.2
[2m2026-08-14T04:00:45.704624Z[0m [32m INFO[0m [STAR_DETECT] Background: 515.0, Noise: 3.2, Threshold: 531.1 (sigma=5)
[2m2026-08-14T04:00:45.718667Z[0m [32m INFO[0m [STAR_DETECT] Measured 122 sources (eccentricity <= 0.95), 122 at the requested ceiling (<= 0.95), 112 usable (<= 0.70)
[2m2026-08-14T04:00:45.721310Z[0m [32m INFO[0m DeviceManager: camera_start_exposure for sim_camera_1 duration=1
[2m2026-08-14T04:00:45.721318Z[0m [32m INFO[0m camera_start_exposure: Simulator exposure started
[2m2026-08-14T04:00:46.759852Z[0m [32m INFO[0m [STAR_DETECT] Image 1920x1080, pixel range: 502-63780, avg: 516.2
[2m2026-08-14T04:00:46.759876Z[0m [32m INFO[0m [STAR_DETECT] Background: 515.0, Noise: 3.2, Threshold: 531.1 (sigma=5)
[2m2026-08-14T04:00:46.773245Z[0m [32m INFO[0m [STAR_DETECT] Measured 121 sources (eccentricity <= 0.95), 121 at the requested ceiling (<= 0.95), 112 usable (<= 0.70)
[2m2026-08-14T04:00:46.775091Z[0m [32m INFO[0m DeviceManager: camera_start_exposure for sim_camera_1 duration=1
[2m2026-08-14T04:00:46.775099Z[0m [32m INFO[0m camera_start_exposure: Simulator exposure started
[2m2026-08-14T04:00:47.812582Z[0m [32m INFO[0m [STAR_DETECT] Image 1920x1080, pixel range: 502-63690, avg: 516.2
[2m2026-08-14T04:00:47.812605Z[0m [32m INFO[0m [STAR_DETECT] Background: 515.0, Noise: 3.2, Threshold: 531.1 (sigma=5)
[2m2026-08-14T04:00:47.826794Z[0m [32m INFO[0m [STAR_DETECT] Measured 119 sources (eccentricity <= 0.95), 119 at the requested ceiling (<= 0.95), 112 usable (<= 0.70)
[2m2026-08-14T04:00:47.826845Z[0m [32m INFO[0m DeviceManager: camera_start_exposure for sim_camera_1 duration=1
[2m2026-08-14T04:00:47.826851Z[0m [32m INFO[0m camera_start_exposure: Simulator exposure started
[2m2026-08-14T04:00:48.868670Z[0m [32m INFO[0m [STAR_DETECT] Image 1920x1080, pixel range: 502-63136, avg: 516.2
[2m2026-08-14T04:00:48.868697Z[0m [32m INFO[0m [STAR_DETECT] Background: 515.0, Noise: 3.2, Threshold: 531.1 (sigma=5)
[2m2026-08-14T04:00:48.881991Z[0m [32m INFO[0m [STAR_DETECT] Measured 118 sources (eccentricity <= 0.95), 118 at the requested ceiling (<= 0.95), 110 usable (<= 0.70)
[2m2026-08-14T04:00:48.884587Z[0m [32m INFO[0m DeviceManager: camera_start_exposure for sim_camera_1 duration=1
[2m2026-08-14T04:00:48.884596Z[0m [32m INFO[0m camera_start_exposure: Simulator exposure started
[2m2026-08-14T04:00:49.927796Z[0m [32m INFO[0m [STAR_DETECT] Image 1920x1080, pixel range: 502-62644, avg: 516.2
[2m2026-08-14T04:00:49.927823Z[0m [32m INFO[0m [STAR_DETECT] Background: 515.0, Noise: 3.2, Threshold: 531.1 (sigma=5)
[2m2026-08-14T04:00:49.941783Z[0m [32m INFO[0m [STAR_DETECT] Measured 118 sources (eccentricity <= 0.95), 118 at the requested ceiling (<= 0.95), 107 usable (<= 0.70)
[QHYDEMO DEBUG] Entering demo camera registration block
[QHYDEMO DEBUG] demo_enabled=0 demo_count=1 image_dir=
[2m2026-08-14T04:02:54.579712Z[0m [32m INFO[0m Found 0 QHY cameras
[QHYDEMO DEBUG] Entering demo camera registration block
[QHYDEMO DEBUG] demo_enabled=0 demo_count=1 image_dir=
[2m2026-08-14T04:02:54.652824Z[0m [32m INFO[0m gPhoto2: Detected 0 cameras
[2m2026-08-14T04:02:54.676203Z[0m [32m INFO[0m Sky-Watcher discovery: found 32 serial ports to scan
[2m2026-08-14T04:02:54.676259Z[0m [32m INFO[0m Sky-Watcher discovery complete: found 0 mounts
[2m2026-08-14T04:02:54.901309Z[0m [32m INFO[0m iOptron discovery: found 32 serial ports to scan
[2m2026-08-14T04:02:55.125923Z[0m [32m INFO[0m LX200 discovery: found 32 serial ports to scan
[2m2026-08-14T04:02:55.126010Z[0m [32m INFO[0m Native discovery complete: found 0 total devices
[2m2026-08-14T04:04:25.559617Z[0m [32m INFO[0m Starting polar alignment (gen 1): exposure=5s, step=15°, binning=2, north=true, manual=false, east=true
[2m2026-08-14T04:04:25.559732Z[0m [32m INFO[0m Polar alignment solve scale hint: focal length 600.0 mm, pixel pitch 3.76 um (1.29"/px unbinned)
[2m2026-08-14T04:04:25.559740Z[0m [32m INFO[0m Polar alignment: Capturing point 1/3... (phase=measuring, point=1)
[2m2026-08-14T04:04:25.559753Z[0m [32m INFO[0m Starting 5s exposure with gain=None, offset=None, bin=2x2
[2m2026-08-14T04:04:30.611020Z[0m [32m INFO[0m Simulated capture: 960x540, 79 stars detected, median HFR: Some(2.0791737087293267), median ecc: Some(0.35296731547318067)
[2m2026-08-14T04:04:30.611533Z[0m [32m INFO[0m Exposure complete
[2m2026-08-14T04:04:30.611544Z[0m [32m INFO[0m Polar alignment: Plate solving point 1/3... (phase=measuring, point=1)
[2m2026-08-14T04:04:30.626745Z[0m [32m INFO[0m Blind plate solving: /tmp/polar_align_point_1_1935620_1786680270621656260_0.fits
[2m2026-08-14T04:04:30.627377Z[0m [32m INFO[0m ASTAP field-scale hint: 2.59"/px over 540 px = -fov 0.3878 deg
[2m2026-08-14T04:04:30.627389Z[0m [32m INFO[0m Running ASTAP: "/home/scdouglas/.local/share/nightshade-audit/astap/bin/astap_cli" "-f" "/tmp/nightshade-solve-1935620-0/polar_align_point_1_1935620_1786680270621656260_0.fits" "-fov" "0.3878" "-z" "2" "-d" "/home/scdouglas/.local/share/nightshade-audit/astap/bin" "-wcs"
[2m2026-08-14T04:04:30.656325Z[0m [32m INFO[0m Point 1 solved: RA=0.0022°, Dec=0.0010°
[2m2026-08-14T04:04:30.666344Z[0m [32m INFO[0m Polar alignment: Slewing to point 2... (phase=measuring, point=1)
[2m2026-08-14T04:04:35.667196Z[0m [32m INFO[0m Polar alignment: Capturing point 2/3... (phase=measuring, point=2)
[2m2026-08-14T04:04:35.667227Z[0m [32m INFO[0m Starting 5s exposure with gain=None, offset=None, bin=2x2
[2m2026-08-14T04:04:40.717127Z[0m [32m INFO[0m Simulated capture: 960x540, 90 stars detected, median HFR: Some(1.8970265322392263), median ecc: Some(0.3039910203229667)
[2m2026-08-14T04:04:40.717705Z[0m [32m INFO[0m Exposure complete
[2m2026-08-14T04:04:40.717714Z[0m [32m INFO[0m Polar alignment: Plate solving point 2/3... (phase=measuring, point=2)
[2m2026-08-14T04:04:40.732894Z[0m [32m INFO[0m Blind plate solving: /tmp/polar_align_point_2_1935620_1786680280727540723_1.fits
[2m2026-08-14T04:04:40.733396Z[0m [32m INFO[0m ASTAP field-scale hint: 2.59"/px over 540 px = -fov 0.3878 deg
[2m2026-08-14T04:04:40.733410Z[0m [32m INFO[0m Running ASTAP: "/home/scdouglas/.local/share/nightshade-audit/astap/bin/astap_cli" "-f" "/tmp/nightshade-solve-1935620-1/polar_align_point_2_1935620_1786680280727540723_1.fits" "-fov" "0.3878" "-z" "2" "-d" "/home/scdouglas/.local/share/nightshade-audit/astap/bin" "-wcs"
[2m2026-08-14T04:04:41.934199Z[0m [32m INFO[0m Point 2 solved: RA=15.0023°, Dec=0.0011°
[2m2026-08-14T04:04:41.944207Z[0m [32m INFO[0m Polar alignment: Slewing to point 3... (phase=measuring, point=2)
[2m2026-08-14T04:04:46.945210Z[0m [32m INFO[0m Polar alignment: Capturing point 3/3... (phase=measuring, point=3)
[2m2026-08-14T04:04:46.945238Z[0m [32m INFO[0m Starting 5s exposure with gain=None, offset=None, bin=2x2
[2m2026-08-14T04:04:52.001418Z[0m [32m INFO[0m Simulated capture: 960x540, 83 stars detected, median HFR: Some(1.8031002736182502), median ecc: Some(0.4615666686577518)
[2m2026-08-14T04:04:52.002034Z[0m [32m INFO[0m Exposure complete
[2m2026-08-14T04:04:52.002043Z[0m [32m INFO[0m Polar alignment: Plate solving point 3/3... (phase=measuring, point=3)
[2m2026-08-14T04:04:52.021426Z[0m [32m INFO[0m Blind plate solving: /tmp/polar_align_point_3_1935620_1786680292016522184_2.fits
[2m2026-08-14T04:04:52.022062Z[0m [32m INFO[0m ASTAP field-scale hint: 2.59"/px over 540 px = -fov 0.3878 deg
[2m2026-08-14T04:04:52.022081Z[0m [32m INFO[0m Running ASTAP: "/home/scdouglas/.local/share/nightshade-audit/astap/bin/astap_cli" "-f" "/tmp/nightshade-solve-1935620-2/polar_align_point_3_1935620_1786680292016522184_2.fits" "-fov" "0.3878" "-z" "2" "-d" "/home/scdouglas/.local/share/nightshade-audit/astap/bin" "-wcs"
[2m2026-08-14T04:04:56.645863Z[0m [32m INFO[0m Point 3 solved: RA=30.0025°, Dec=0.0013°
[2m2026-08-14T04:04:56.655921Z[0m [32m INFO[0m Polar alignment: Calculating polar alignment error... (phase=adjusting, point=3)
[2m2026-08-14T04:04:56.655936Z[0m [32m INFO[0m Rotation center: RA=305.7045°, Dec=89.9993°
[2m2026-08-14T04:04:56.655941Z[0m [32m INFO[0m Polar alignment: Adjustment mode - make corrections (phase=adjusting, point=0)
[2m2026-08-14T04:04:56.655947Z[0m [32m INFO[0m Polar alignment: Capturing... (phase=adjusting, point=0)
[2m2026-08-14T04:04:56.655951Z[0m [32m INFO[0m Starting 5s exposure with gain=None, offset=None, bin=2x2
[2m2026-08-14T04:05:01.715051Z[0m [32m INFO[0m Simulated capture: 960x540, 81 stars detected, median HFR: Some(1.8117235057792418), median ecc: Some(0.3839326210703902)
[2m2026-08-14T04:05:01.715738Z[0m [32m INFO[0m Exposure complete
[2m2026-08-14T04:05:01.733130Z[0m [32m INFO[0m Polar alignment: Solving... (phase=adjusting, point=0)
[2m2026-08-14T04:05:01.733156Z[0m [32m INFO[0m Blind plate solving: /tmp/polar_align_adjust_1935620_1786680301728347672_3.fits
[2m2026-08-14T04:05:01.733769Z[0m [32m INFO[0m ASTAP field-scale hint: 2.59"/px over 540 px = -fov 0.3878 deg
[2m2026-08-14T04:05:01.733786Z[0m [32m INFO[0m Running ASTAP: "/home/scdouglas/.local/share/nightshade-audit/astap/bin/astap_cli" "-f" "/tmp/nightshade-solve-1935620-3/polar_align_adjust_1935620_1786680301728347672_3.fits" "-fov" "0.3878" "-z" "2" "-d" "/home/scdouglas/.local/share/nightshade-audit/astap/bin" "-wcs"
[2m2026-08-14T04:05:06.473384Z[0m [32m INFO[0m Error 2.7 arcsec dropped below threshold 30.0, starting auto-complete timer
[2m2026-08-14T04:05:06.473408Z[0m [32m INFO[0m Polar alignment: Below threshold - completing in 3s... (phase=adjusting, point=0)
[2m2026-08-14T04:05:07.474493Z[0m [32m INFO[0m Polar alignment: Capturing... (phase=adjusting, point=0)
[2m2026-08-14T04:05:07.474532Z[0m [32m INFO[0m Starting 5s exposure with gain=None, offset=None, bin=2x2
[2m2026-08-14T04:05:12.558549Z[0m [32m INFO[0m Simulated capture: 960x540, 83 stars detected, median HFR: Some(1.777379250579401), median ecc: Some(0.40530425291531974)
[2m2026-08-14T04:05:12.564927Z[0m [32m INFO[0m Exposure complete
[2m2026-08-14T04:05:12.594211Z[0m [32m INFO[0m Polar alignment: Solving... (phase=adjusting, point=0)
[2m2026-08-14T04:05:12.594272Z[0m [32m INFO[0m Blind plate solving: /tmp/polar_align_adjust_1935620_1786680312583440720_4.fits
[2m2026-08-14T04:05:12.595528Z[0m [32m INFO[0m ASTAP field-scale hint: 2.59"/px over 540 px = -fov 0.3878 deg
[2m2026-08-14T04:05:12.595548Z[0m [32m INFO[0m Running ASTAP: "/home/scdouglas/.local/share/nightshade-audit/astap/bin/astap_cli" "-f" "/tmp/nightshade-solve-1935620-4/polar_align_adjust_1935620_1786680312583440720_4.fits" "-fov" "0.3878" "-z" "2" "-d" "/home/scdouglas/.local/share/nightshade-audit/astap/bin" "-wcs"
[2m2026-08-14T04:05:17.962658Z[0m [32m INFO[0m Polar alignment complete! Total error 2.7 arcsec below threshold 30.0 for 3 seconds
[2m2026-08-14T04:05:17.962680Z[0m [32m INFO[0m Polar alignment: Complete! Error 2.7" below threshold for 3s (phase=complete, point=0)
[2m2026-08-14T04:06:34.907206Z[0m [32m INFO[0m Starting 2s exposure with gain=Some(100), offset=Some(50), bin=1x1
[2m2026-08-14T04:06:37.012085Z[0m [32m INFO[0m Simulated capture: 1920x1080, 130 stars detected, median HFR: Some(2.6603911253931702), median ecc: Some(0.23896956221383064)
[2m2026-08-14T04:06:37.013392Z[0m [32m INFO[0m Exposure complete
[2m2026-08-14T04:06:37.164021Z[0m [32m INFO[0m Saving FITS from last capture for device sim_camera_1 to: /tmp/ns-audit/waveE-imaging-stacking-polar/caps/Unknown_R_2026-08-14_0009.fits
[2m2026-08-14T04:06:37.164370Z[0m [32m INFO[0m Saving 1920x1080 image (2073600 pixels)
[2m2026-08-14T04:06:37.169201Z[0m [32m INFO[0m FITS file saved successfully from last capture
[2m2026-08-14T04:06:37.250394Z[0m [32m INFO[0m Blind plate solving: /tmp/ns-audit/waveE-imaging-stacking-polar/caps/Unknown_R_2026-08-14_0009.fits
[2m2026-08-14T04:06:37.250895Z[0m [32m INFO[0m ASTAP field-scale hint: 1.29"/px over 1080 px = -fov 0.3878 deg
[2m2026-08-14T04:06:37.250910Z[0m [32m INFO[0m Running ASTAP: "/home/scdouglas/.local/share/nightshade-audit/astap/bin/astap_cli" "-f" "/tmp/nightshade-solve-1935620-5/Unknown_R_2026-08-14_0009.fits" "-fov" "0.3878" "-z" "2" "-d" "/home/scdouglas/.local/share/nightshade-audit/astap/bin" "-wcs"
[2m2026-08-14T04:06:37.261222Z[0m [32m INFO[0m Plate solve (near): /tmp/ns-audit/waveE-imaging-stacking-polar/caps/Unknown_R_2026-08-14_0009.fits is already being solved; waiting for that result instead of starting a second solver process
[2m2026-08-14T04:06:37.296666Z[0m [32m INFO[0m Reading FITS file: /tmp/ns-audit/waveE-imaging-stacking-polar/caps/Unknown_R_2026-08-14_0009.fits
[2m2026-08-14T04:06:37.297866Z[0m [32m INFO[0m Reading FITS file: /tmp/ns-audit/waveE-imaging-stacking-polar/caps/Unknown_R_2026-08-14_0009.fits
[2m2026-08-14T04:06:37.350394Z[0m [32m INFO[0m FITS file loaded: 1920x1080, 2073600 pixels
[2m2026-08-14T04:06:37.352929Z[0m [32m INFO[0m FITS file loaded: 1920x1080, 2073600 pixels
[2m2026-08-14T04:06:37.553936Z[0m [32m INFO[0m Detecting stars in: /tmp/ns-audit/waveE-imaging-stacking-polar/caps/Unknown_R_2026-08-14_0009.fits
[2m2026-08-14T04:06:37.573886Z[0m [32m INFO[0m [STAR_DETECT] Image 1920x1080, pixel range: 2513-12137, avg: 2531.1
[2m2026-08-14T04:06:37.573920Z[0m [32m INFO[0m [STAR_DETECT] Background: 2530.0, Noise: 4.3, Threshold: 2547.0 (sigma=4)
[2m2026-08-14T04:06:37.590137Z[0m [32m INFO[0m [STAR_DETECT] Measured 128 sources (eccentricity <= 0.95), 128 at the requested ceiling (<= 0.95), 126 usable (<= 0.70)
[2m2026-08-14T04:06:37.592477Z[0m [32m INFO[0m Detected 126 stars, median HFR: 2.39
[2m2026-08-14T04:06:38.818705Z[0m [32m INFO[0m Reading FITS file: /tmp/ns-audit/waveE-imaging-stacking-polar/caps/Unknown_R_2026-08-14_0009.fits
[2m2026-08-14T04:06:38.863893Z[0m [32m INFO[0m FITS file loaded: 1920x1080, 2073600 pixels
[2m2026-08-14T04:06:38.873917Z[0m [32m INFO[0m Detecting stars in: /tmp/ns-audit/waveE-imaging-stacking-polar/caps/Unknown_R_2026-08-14_0009.fits
[2m2026-08-14T04:06:38.891513Z[0m [32m INFO[0m [STAR_DETECT] Image 1920x1080, pixel range: 2513-12137, avg: 2531.1
[2m2026-08-14T04:06:38.891539Z[0m [32m INFO[0m [STAR_DETECT] Background: 2530.0, Noise: 4.3, Threshold: 2547.0 (sigma=4)
[2m2026-08-14T04:06:38.906166Z[0m [32m INFO[0m [STAR_DETECT] Measured 128 sources (eccentricity <= 0.95), 128 at the requested ceiling (<= 0.95), 126 usable (<= 0.70)
[2m2026-08-14T04:06:38.906566Z[0m [32m INFO[0m Detected 126 stars, median HFR: 2.39
[2m2026-08-14T04:06:38.909292Z[0m [32m INFO[0m Reading FITS file: /tmp/ns-audit/waveE-imaging-stacking-polar/caps/Unknown_R_2026-08-14_0009.fits
[2m2026-08-14T04:06:38.955298Z[0m [32m INFO[0m FITS file loaded: 1920x1080, 2073600 pixels
[2m2026-08-14T04:06:39.001657Z[0m [32m INFO[0m Detecting stars in: /tmp/ns-audit/waveE-imaging-stacking-polar/caps/Unknown_R_2026-08-14_0009.fits
[2m2026-08-14T04:06:39.016953Z[0m [32m INFO[0m [STAR_DETECT] Image 1920x1080, pixel range: 2513-12137, avg: 2531.1
[2m2026-08-14T04:06:39.016983Z[0m [32m INFO[0m [STAR_DETECT] Background: 2530.0, Noise: 4.3, Threshold: 2547.0 (sigma=4)
[2m2026-08-14T04:06:39.029054Z[0m [32m INFO[0m [STAR_DETECT] Measured 128 sources (eccentricity <= 0.95), 128 at the requested ceiling (<= 0.95), 126 usable (<= 0.70)
[2m2026-08-14T04:06:39.029923Z[0m [32m INFO[0m Detected 126 stars, median HFR: 2.39
[2m2026-08-14T04:06:39.031240Z[0m [32m INFO[0m Reading FITS file: /tmp/ns-audit/waveE-imaging-stacking-polar/caps/Unknown_R_2026-08-14_0009.fits
[2m2026-08-14T04:06:39.078066Z[0m [32m INFO[0m FITS file loaded: 1920x1080, 2073600 pixels
[2m2026-08-14T04:06:39.089774Z[0m [32m INFO[0m Detecting stars in: /tmp/ns-audit/waveE-imaging-stacking-polar/caps/Unknown_R_2026-08-14_0009.fits
[2m2026-08-14T04:06:39.104380Z[0m [32m INFO[0m [STAR_DETECT] Image 1920x1080, pixel range: 2513-12137, avg: 2531.1
[2m2026-08-14T04:06:39.104404Z[0m [32m INFO[0m [STAR_DETECT] Background: 2530.0, Noise: 4.3, Threshold: 2547.0 (sigma=4)
[2m2026-08-14T04:06:39.118183Z[0m [32m INFO[0m [STAR_DETECT] Measured 128 sources (eccentricity <= 0.95), 128 at the requested ceiling (<= 0.95), 126 usable (<= 0.70)
[2m2026-08-14T04:06:39.119568Z[0m [32m INFO[0m Detected 126 stars, median HFR: 2.39
[QHYDEMO DEBUG] Entering demo camera registration block
[QHYDEMO DEBUG] demo_enabled=0 demo_count=1 image_dir=
[2m2026-08-14T04:07:55.133772Z[0m [32m INFO[0m Found 0 QHY cameras
[QHYDEMO DEBUG] Entering demo camera registration block
[QHYDEMO DEBUG] demo_enabled=0 demo_count=1 image_dir=
[2m2026-08-14T04:07:55.203097Z[0m [32m INFO[0m gPhoto2: Detected 0 cameras
[2m2026-08-14T04:07:55.226734Z[0m [32m INFO[0m Sky-Watcher discovery: found 32 serial ports to scan
[2m2026-08-14T04:07:55.226827Z[0m [32m INFO[0m Sky-Watcher discovery complete: found 0 mounts
[2m2026-08-14T04:07:55.452153Z[0m [32m INFO[0m iOptron discovery: found 32 serial ports to scan
[2m2026-08-14T04:07:55.677049Z[0m [32m INFO[0m LX200 discovery: found 32 serial ports to scan
[2m2026-08-14T04:07:55.677142Z[0m [32m INFO[0m Native discovery complete: found 0 total devices
[2m2026-08-14T04:08:18.236743Z[0m [32m INFO[0m Starting 2s exposure with gain=Some(100), offset=Some(50), bin=1x1
[2m2026-08-14T04:08:20.314848Z[0m [32m INFO[0m Simulated capture: 1920x1080, 126 stars detected, median HFR: Some(2.640750140626279), median ecc: Some(0.2524376941913756)
[2m2026-08-14T04:08:20.317527Z[0m [32m INFO[0m Exposure complete
[2m2026-08-14T04:08:20.326596Z[0m [32m INFO[0m Saving FITS from last capture for device sim_camera_1 to: /tmp/ns-audit/waveE-imaging-stacking-polar/caps/Unknown_R_2026-08-14_0010.fits
[2m2026-08-14T04:08:20.326821Z[0m [32m INFO[0m Saving 1920x1080 image (2073600 pixels)
[2m2026-08-14T04:08:20.330009Z[0m [32m INFO[0m FITS file saved successfully from last capture
[2m2026-08-14T04:08:20.366671Z[0m [32m INFO[0m Plate solving near RA:30.00°, Dec:0.00°: /tmp/ns-audit/waveE-imaging-stacking-polar/caps/Unknown_R_2026-08-14_0010.fits
[2m2026-08-14T04:08:20.367313Z[0m [32m INFO[0m ASTAP field-scale hint: 1.29"/px over 1080 px = -fov 0.3878 deg
[2m2026-08-14T04:08:20.367324Z[0m [32m INFO[0m Running ASTAP: "/home/scdouglas/.local/share/nightshade-audit/astap/bin/astap_cli" "-f" "/tmp/nightshade-solve-1935620-6/Unknown_R_2026-08-14_0010.fits" "-ra" "2.000156" "-spd" "90.001131" "-r" "30.00" "-fov" "0.3878" "-z" "2" "-d" "/home/scdouglas/.local/share/nightshade-audit/astap/bin" "-wcs"
[2m2026-08-14T04:08:20.371659Z[0m [32m INFO[0m Plate solve (blind): /tmp/ns-audit/waveE-imaging-stacking-polar/caps/Unknown_R_2026-08-14_0010.fits is already being solved; waiting for that result instead of starting a second solver process
[2m2026-08-14T04:08:20.411581Z[0m [32m INFO[0m Reading FITS file: /tmp/ns-audit/waveE-imaging-stacking-polar/caps/Unknown_R_2026-08-14_0010.fits
[2m2026-08-14T04:08:20.412746Z[0m [32m INFO[0m Reading FITS file: /tmp/ns-audit/waveE-imaging-stacking-polar/caps/Unknown_R_2026-08-14_0010.fits
[2m2026-08-14T04:08:20.454058Z[0m [32m INFO[0m FITS file loaded: 1920x1080, 2073600 pixels
[2m2026-08-14T04:08:20.456937Z[0m [32m INFO[0m Detecting stars in: /tmp/ns-audit/waveE-imaging-stacking-polar/caps/Unknown_R_2026-08-14_0010.fits
[2m2026-08-14T04:08:20.457710Z[0m [32m INFO[0m FITS file loaded: 1920x1080, 2073600 pixels
[2m2026-08-14T04:08:20.468755Z[0m [32m INFO[0m [STAR_DETECT] Image 1920x1080, pixel range: 2513-11834, avg: 2531.1
[2m2026-08-14T04:08:20.468788Z[0m [32m INFO[0m [STAR_DETECT] Background: 2530.0, Noise: 4.3, Threshold: 2547.0 (sigma=4)
[2m2026-08-14T04:08:20.478931Z[0m [32m INFO[0m [STAR_DETECT] Measured 129 sources (eccentricity <= 0.95), 129 at the requested ceiling (<= 0.95), 126 usable (<= 0.70)
[2m2026-08-14T04:08:20.478962Z[0m [32m INFO[0m Detected 126 stars, median HFR: 2.37
[2m2026-08-14T04:08:20.480323Z[0m [32m INFO[0m Reading FITS file: /tmp/ns-audit/waveE-imaging-stacking-polar/caps/Unknown_R_2026-08-14_0010.fits
[2m2026-08-14T04:08:20.521953Z[0m [32m INFO[0m FITS file loaded: 1920x1080, 2073600 pixels
[2m2026-08-14T04:08:20.533902Z[0m [32m INFO[0m Detecting stars in: /tmp/ns-audit/waveE-imaging-stacking-polar/caps/Unknown_R_2026-08-14_0010.fits
[2m2026-08-14T04:08:20.545888Z[0m [32m INFO[0m [STAR_DETECT] Image 1920x1080, pixel range: 2513-11834, avg: 2531.1
[2m2026-08-14T04:08:20.545918Z[0m [32m INFO[0m [STAR_DETECT] Background: 2530.0, Noise: 4.3, Threshold: 2547.0 (sigma=4)
[2m2026-08-14T04:08:20.559271Z[0m [32m INFO[0m [STAR_DETECT] Measured 129 sources (eccentricity <= 0.95), 129 at the requested ceiling (<= 0.95), 126 usable (<= 0.70)
[2m2026-08-14T04:08:20.559315Z[0m [32m INFO[0m Detected 126 stars, median HFR: 2.37
[2m2026-08-14T04:08:20.710899Z[0m [32m INFO[0m Reading FITS file: /tmp/ns-audit/waveE-imaging-stacking-polar/caps/Unknown_R_2026-08-14_0010.fits
[2m2026-08-14T04:08:20.750115Z[0m [32m INFO[0m FITS file loaded: 1920x1080, 2073600 pixels
[2m2026-08-14T04:08:20.791671Z[0m [32m INFO[0m Detecting stars in: /tmp/ns-audit/waveE-imaging-stacking-polar/caps/Unknown_R_2026-08-14_0010.fits
[2m2026-08-14T04:08:20.803672Z[0m [32m INFO[0m [STAR_DETECT] Image 1920x1080, pixel range: 2513-11834, avg: 2531.1
[2m2026-08-14T04:08:20.803700Z[0m [32m INFO[0m [STAR_DETECT] Background: 2530.0, Noise: 4.3, Threshold: 2547.0 (sigma=4)
[2m2026-08-14T04:08:20.813935Z[0m [32m INFO[0m [STAR_DETECT] Measured 129 sources (eccentricity <= 0.95), 129 at the requested ceiling (<= 0.95), 126 usable (<= 0.70)
[2m2026-08-14T04:08:20.813964Z[0m [32m INFO[0m Detected 126 stars, median HFR: 2.37
[2m2026-08-14T04:08:20.815318Z[0m [32m INFO[0m Reading FITS file: /tmp/ns-audit/waveE-imaging-stacking-polar/caps/Unknown_R_2026-08-14_0010.fits
[2m2026-08-14T04:08:20.854376Z[0m [32m INFO[0m FITS file loaded: 1920x1080, 2073600 pixels
[2m2026-08-14T04:08:20.864599Z[0m [32m INFO[0m Detecting stars in: /tmp/ns-audit/waveE-imaging-stacking-polar/caps/Unknown_R_2026-08-14_0010.fits
[2m2026-08-14T04:08:20.877530Z[0m [32m INFO[0m [STAR_DETECT] Image 1920x1080, pixel range: 2513-11834, avg: 2531.1
[2m2026-08-14T04:08:20.877562Z[0m [32m INFO[0m [STAR_DETECT] Background: 2530.0, Noise: 4.3, Threshold: 2547.0 (sigma=4)
[2m2026-08-14T04:08:20.889872Z[0m [32m INFO[0m [STAR_DETECT] Measured 129 sources (eccentricity <= 0.95), 129 at the requested ceiling (<= 0.95), 126 usable (<= 0.70)
[2m2026-08-14T04:08:20.889907Z[0m [32m INFO[0m Detected 126 stars, median HFR: 2.37
[2m2026-08-14T04:09:01.406124Z[0m [32m INFO[0m Auto Select: asking the built-in guider 'native:builtin_guider:multi_star' to pick a guide star
[2m2026-08-14T04:09:01.406559Z[0m [32m INFO[0m Auto Select: chose a guide star at (967.8, 724.3) px out of 107 detections
[2m2026-08-14T04:09:01.406581Z[0m [32m INFO[0m Auto Select: locked guide star at (24.8, 25.3) px
[2m2026-08-14T04:09:25.923296Z[0m [32m INFO[0m DeviceManager: camera_start_exposure for sim_camera_1 duration=1
[2m2026-08-14T04:09:25.923318Z[0m [32m INFO[0m camera_start_exposure: Simulator exposure started
[2m2026-08-14T04:09:26.965207Z[0m [32m INFO[0m [STAR_DETECT] Image 1920x1080, pixel range: 502-5263, avg: 515.3
[2m2026-08-14T04:09:26.965239Z[0m [32m INFO[0m [STAR_DETECT] Background: 515.0, Noise: 3.2, Threshold: 531.2 (sigma=5)
[2m2026-08-14T04:09:26.984127Z[0m [32m INFO[0m [STAR_DETECT] Measured 126 sources (eccentricity <= 0.95), 126 at the requested ceiling (<= 0.95), 119 usable (<= 0.70)
[2m2026-08-14T04:09:26.984309Z[0m [32m INFO[0m DeviceManager: camera_start_exposure for sim_camera_1 duration=1
[2m2026-08-14T04:09:26.984320Z[0m [32m INFO[0m camera_start_exposure: Simulator exposure started
[2m2026-08-14T04:09:28.025359Z[0m [32m INFO[0m [STAR_DETECT] Image 1920x1080, pixel range: 502-5321, avg: 515.3
[2m2026-08-14T04:09:28.025385Z[0m [32m INFO[0m [STAR_DETECT] Background: 515.0, Noise: 3.2, Threshold: 531.1 (sigma=5)
[2m2026-08-14T04:09:28.043664Z[0m [32m INFO[0m [STAR_DETECT] Measured 127 sources (eccentricity <= 0.95), 127 at the requested ceiling (<= 0.95), 118 usable (<= 0.70)
[2m2026-08-14T04:09:28.043937Z[0m [32m INFO[0m DeviceManager: camera_start_exposure for sim_camera_1 duration=1
[2m2026-08-14T04:09:28.043947Z[0m [32m INFO[0m camera_start_exposure: Simulator exposure started
[2m2026-08-14T04:09:29.085078Z[0m [32m INFO[0m [STAR_DETECT] Image 1920x1080, pixel range: 502-5273, avg: 515.3
[2m2026-08-14T04:09:29.085100Z[0m [32m INFO[0m [STAR_DETECT] Background: 515.0, Noise: 3.2, Threshold: 531.1 (sigma=5)
[2m2026-08-14T04:09:29.100659Z[0m [32m INFO[0m [STAR_DETECT] Measured 130 sources (eccentricity <= 0.95), 130 at the requested ceiling (<= 0.95), 118 usable (<= 0.70)
[2m2026-08-14T04:09:29.100816Z[0m [32m INFO[0m DeviceManager: camera_start_exposure for sim_camera_1 duration=1
[2m2026-08-14T04:09:29.100823Z[0m [32m INFO[0m camera_start_exposure: Simulator exposure started
[2m2026-08-14T04:09:30.145036Z[0m [32m INFO[0m [STAR_DETECT] Image 1920x1080, pixel range: 501-5352, avg: 515.3
[2m2026-08-14T04:09:30.145064Z[0m [32m INFO[0m [STAR_DETECT] Background: 515.0, Noise: 3.2, Threshold: 531.1 (sigma=5)
[2m2026-08-14T04:09:30.159889Z[0m [32m INFO[0m [STAR_DETECT] Measured 128 sources (eccentricity <= 0.95), 128 at the requested ceiling (<= 0.95), 119 usable (<= 0.70)
[2m2026-08-14T04:09:30.159948Z[0m [32m INFO[0m DeviceManager: camera_start_exposure for sim_camera_1 duration=1
[2m2026-08-14T04:09:30.159955Z[0m [32m INFO[0m camera_start_exposure: Simulator exposure started
[2m2026-08-14T04:09:31.200436Z[0m [32m INFO[0m [STAR_DETECT] Image 1920x1080, pixel range: 502-5293, avg: 515.3
[2m2026-08-14T04:09:31.200468Z[0m [32m INFO[0m [STAR_DETECT] Background: 515.0, Noise: 3.2, Threshold: 531.1 (sigma=5)
[2m2026-08-14T04:09:31.220727Z[0m [32m INFO[0m [STAR_DETECT] Measured 129 sources (eccentricity <= 0.95), 129 at the requested ceiling (<= 0.95), 117 usable (<= 0.70)
[2m2026-08-14T04:09:31.221759Z[0m [32m INFO[0m DeviceManager: camera_start_exposure for sim_camera_1 duration=1
[2m2026-08-14T04:09:31.221769Z[0m [32m INFO[0m camera_start_exposure: Simulator exposure started
[2m2026-08-14T04:09:32.262568Z[0m [32m INFO[0m [STAR_DETECT] Image 1920x1080, pixel range: 502-5340, avg: 515.3
[2m2026-08-14T04:09:32.262595Z[0m [32m INFO[0m [STAR_DETECT] Background: 515.0, Noise: 3.2, Threshold: 531.1 (sigma=5)
[2m2026-08-14T04:09:32.278851Z[0m [32m INFO[0m [STAR_DETECT] Measured 130 sources (eccentricity <= 0.95), 130 at the requested ceiling (<= 0.95), 119 usable (<= 0.70)
[2m2026-08-14T04:09:32.279176Z[0m [32m INFO[0m DeviceManager: camera_start_exposure for sim_camera_1 duration=1
[2m2026-08-14T04:09:32.279185Z[0m [32m INFO[0m camera_start_exposure: Simulator exposure started
[2m2026-08-14T04:09:33.319263Z[0m [32m INFO[0m [STAR_DETECT] Image 1920x1080, pixel range: 502-5362, avg: 515.3
[2m2026-08-14T04:09:33.319290Z[0m [32m INFO[0m [STAR_DETECT] Background: 515.0, Noise: 3.2, Threshold: 531.1 (sigma=5)
[2m2026-08-14T04:09:33.336423Z[0m [32m INFO[0m [STAR_DETECT] Measured 127 sources (eccentricity <= 0.95), 127 at the requested ceiling (<= 0.95), 119 usable (<= 0.70)
[2m2026-08-14T04:09:33.336711Z[0m [32m INFO[0m DeviceManager: camera_start_exposure for sim_camera_1 duration=1
[2m2026-08-14T04:09:33.336720Z[0m [32m INFO[0m camera_start_exposure: Simulator exposure started
[2m2026-08-14T04:09:34.374464Z[0m [32m INFO[0m [STAR_DETECT] Image 1920x1080, pixel range: 502-5351, avg: 515.3
[2m2026-08-14T04:09:34.374486Z[0m [32m INFO[0m [STAR_DETECT] Background: 515.0, Noise: 3.2, Threshold: 531.1 (sigma=5)
[2m2026-08-14T04:09:34.389824Z[0m [32m INFO[0m [STAR_DETECT] Measured 127 sources (eccentricity <= 0.95), 127 at the requested ceiling (<= 0.95), 118 usable (<= 0.70)
[2m2026-08-14T04:09:34.389959Z[0m [32m INFO[0m DeviceManager: camera_start_exposure for sim_camera_1 duration=1
[2m2026-08-14T04:09:34.389970Z[0m [32m INFO[0m camera_start_exposure: Simulator exposure started
[2m2026-08-14T04:09:35.429555Z[0m [32m INFO[0m [STAR_DETECT] Image 1920x1080, pixel range: 502-5278, avg: 515.3
[2m2026-08-14T04:09:35.429583Z[0m [32m INFO[0m [STAR_DETECT] Background: 515.0, Noise: 3.2, Threshold: 531.1 (sigma=5)
[2m2026-08-14T04:09:35.446730Z[0m [32m INFO[0m [STAR_DETECT] Measured 128 sources (eccentricity <= 0.95), 128 at the requested ceiling (<= 0.95), 117 usable (<= 0.70)
[2m2026-08-14T04:09:35.446910Z[0m [32m INFO[0m DeviceManager: camera_start_exposure for sim_camera_1 duration=1
[2m2026-08-14T04:09:35.446917Z[0m [32m INFO[0m camera_start_exposure: Simulator exposure started
[2m2026-08-14T04:09:36.483514Z[0m [32m INFO[0m [STAR_DETECT] Image 1920x1080, pixel range: 502-5309, avg: 515.3
[2m2026-08-14T04:09:36.483537Z[0m [32m INFO[0m [STAR_DETECT] Background: 515.0, Noise: 3.2, Threshold: 531.2 (sigma=5)
[2m2026-08-14T04:09:36.498723Z[0m [32m INFO[0m [STAR_DETECT] Measured 127 sources (eccentricity <= 0.95), 127 at the requested ceiling (<= 0.95), 116 usable (<= 0.70)
[2m2026-08-14T04:09:36.498913Z[0m [32m INFO[0m DeviceManager: camera_start_exposure for sim_camera_1 duration=1
[2m2026-08-14T04:09:36.498920Z[0m [32m INFO[0m camera_start_exposure: Simulator exposure started
[2m2026-08-14T04:09:37.538544Z[0m [32m INFO[0m [STAR_DETECT] Image 1920x1080, pixel range: 502-5314, avg: 515.3
[2m2026-08-14T04:09:37.538571Z[0m [32m INFO[0m [STAR_DETECT] Background: 515.0, Noise: 3.2, Threshold: 531.1 (sigma=5)
[2m2026-08-14T04:09:37.557919Z[0m [32m INFO[0m [STAR_DETECT] Measured 127 sources (eccentricity <= 0.95), 127 at the requested ceiling (<= 0.95), 118 usable (<= 0.70)
[2m2026-08-14T04:09:37.558130Z[0m [32m INFO[0m DeviceManager: camera_start_exposure for sim_camera_1 duration=1
[2m2026-08-14T04:09:37.558139Z[0m [32m INFO[0m camera_start_exposure: Simulator exposure started
[2m2026-08-14T04:09:38.598861Z[0m [32m INFO[0m [STAR_DETECT] Image 1920x1080, pixel range: 502-5220, avg: 515.3
[2m2026-08-14T04:09:38.598889Z[0m [32m INFO[0m [STAR_DETECT] Background: 515.0, Noise: 3.2, Threshold: 531.1 (sigma=5)
[2m2026-08-14T04:09:38.615630Z[0m [32m INFO[0m [STAR_DETECT] Measured 126 sources (eccentricity <= 0.95), 126 at the requested ceiling (<= 0.95), 117 usable (<= 0.70)
[2m2026-08-14T04:09:38.615793Z[0m [32m INFO[0m DeviceManager: camera_start_exposure for sim_camera_1 duration=1
[2m2026-08-14T04:09:38.615802Z[0m [32m INFO[0m camera_start_exposure: Simulator exposure started
[2m2026-08-14T04:09:39.663430Z[0m [32m INFO[0m [STAR_DETECT] Image 1920x1080, pixel range: 502-5299, avg: 515.3
[2m2026-08-14T04:09:39.663458Z[0m [32m INFO[0m [STAR_DETECT] Background: 515.0, Noise: 3.2, Threshold: 531.1 (sigma=5)
[2m2026-08-14T04:09:39.678521Z[0m [32m INFO[0m [STAR_DETECT] Measured 128 sources (eccentricity <= 0.95), 128 at the requested ceiling (<= 0.95), 120 usable (<= 0.70)
[2m2026-08-14T04:09:39.678969Z[0m [32m INFO[0m DeviceManager: camera_start_exposure for sim_camera_1 duration=1
[2m2026-08-14T04:09:39.678978Z[0m [32m INFO[0m camera_start_exposure: Simulator exposure started
[2m2026-08-14T04:09:40.720776Z[0m [32m INFO[0m [STAR_DETECT] Image 1920x1080, pixel range: 501-5231, avg: 515.3
[2m2026-08-14T04:09:40.720800Z[0m [32m INFO[0m [STAR_DETECT] Background: 515.0, Noise: 3.2, Threshold: 531.1 (sigma=5)
[2m2026-08-14T04:09:40.737505Z[0m [32m INFO[0m [STAR_DETECT] Measured 128 sources (eccentricity <= 0.95), 128 at the requested ceiling (<= 0.95), 119 usable (<= 0.70)
[2m2026-08-14T04:09:40.737824Z[0m [32m INFO[0m DeviceManager: camera_start_exposure for sim_camera_1 duration=1
[2m2026-08-14T04:09:40.737831Z[0m [32m INFO[0m camera_start_exposure: Simulator exposure started
[2m2026-08-14T04:09:41.778008Z[0m [32m INFO[0m [STAR_DETECT] Image 1920x1080, pixel range: 501-5302, avg: 515.3
[2m2026-08-14T04:09:41.778042Z[0m [32m INFO[0m [STAR_DETECT] Background: 515.0, Noise: 3.2, Threshold: 531.1 (sigma=5)
[2m2026-08-14T04:09:41.797201Z[0m [32m INFO[0m [STAR_DETECT] Measured 128 sources (eccentricity <= 0.95), 128 at the requested ceiling (<= 0.95), 119 usable (<= 0.70)
[2m2026-08-14T04:09:41.797415Z[0m [32m INFO[0m DeviceManager: camera_start_exposure for sim_camera_1 duration=1
[2m2026-08-14T04:09:41.797422Z[0m [32m INFO[0m camera_start_exposure: Simulator exposure started
[2m2026-08-14T04:09:42.841415Z[0m [32m INFO[0m [STAR_DETECT] Image 1920x1080, pixel range: 502-5221, avg: 515.3
[2m2026-08-14T04:09:42.841441Z[0m [32m INFO[0m [STAR_DETECT] Background: 515.0, Noise: 3.2, Threshold: 531.1 (sigma=5)
[2m2026-08-14T04:09:42.858594Z[0m [32m INFO[0m [STAR_DETECT] Measured 128 sources (eccentricity <= 0.95), 128 at the requested ceiling (<= 0.95), 117 usable (<= 0.70)
[2m2026-08-14T04:09:42.859081Z[0m [32m INFO[0m DeviceManager: camera_start_exposure for sim_camera_1 duration=1
[2m2026-08-14T04:09:42.859090Z[0m [32m INFO[0m camera_start_exposure: Simulator exposure started
[2m2026-08-14T04:09:43.898965Z[0m [32m INFO[0m [STAR_DETECT] Image 1920x1080, pixel range: 502-5301, avg: 515.3
[2m2026-08-14T04:09:43.898989Z[0m [32m INFO[0m [STAR_DETECT] Background: 515.0, Noise: 3.2, Threshold: 531.1 (sigma=5)
[2m2026-08-14T04:09:43.913346Z[0m [32m INFO[0m [STAR_DETECT] Measured 129 sources (eccentricity <= 0.95), 129 at the requested ceiling (<= 0.95), 118 usable (<= 0.70)
[2m2026-08-14T04:09:43.913399Z[0m [32m INFO[0m DeviceManager: camera_start_exposure for sim_camera_1 duration=1
[2m2026-08-14T04:09:43.913407Z[0m [32m INFO[0m camera_start_exposure: Simulator exposure started
[2m2026-08-14T04:09:44.949707Z[0m [32m INFO[0m [STAR_DETECT] Image 1920x1080, pixel range: 501-5434, avg: 515.3
[2m2026-08-14T04:09:44.949747Z[0m [32m INFO[0m [STAR_DETECT] Background: 515.0, Noise: 3.2, Threshold: 531.1 (sigma=5)
[2m2026-08-14T04:09:44.963480Z[0m [32m INFO[0m [STAR_DETECT] Measured 128 sources (eccentricity <= 0.95), 128 at the requested ceiling (<= 0.95), 120 usable (<= 0.70)
[2m2026-08-14T04:09:44.963743Z[0m [32m INFO[0m DeviceManager: camera_start_exposure for sim_camera_1 duration=1
[2m2026-08-14T04:09:44.963750Z[0m [32m INFO[0m camera_start_exposure: Simulator exposure started
[2m2026-08-14T04:09:46.011546Z[0m [32m INFO[0m [STAR_DETECT] Image 1920x1080, pixel range: 502-5416, avg: 515.3
[2m2026-08-14T04:09:46.011571Z[0m [32m INFO[0m [STAR_DETECT] Background: 515.0, Noise: 3.2, Threshold: 531.1 (sigma=5)
[2m2026-08-14T04:09:46.027926Z[0m [32m INFO[0m [STAR_DETECT] Measured 129 sources (eccentricity <= 0.95), 129 at the requested ceiling (<= 0.95), 119 usable (<= 0.70)
[2m2026-08-14T04:09:46.028455Z[0m [32m INFO[0m DeviceManager: camera_start_exposure for sim_camera_1 duration=1
[2m2026-08-14T04:09:46.028466Z[0m [32m INFO[0m camera_start_exposure: Simulator exposure started
[2m2026-08-14T04:09:47.077199Z[0m [32m INFO[0m [STAR_DETECT] Image 1920x1080, pixel range: 502-5457, avg: 515.3
[2m2026-08-14T04:09:47.077231Z[0m [32m INFO[0m [STAR_DETECT] Background: 515.0, Noise: 3.2, Threshold: 531.2 (sigma=5)
[2m2026-08-14T04:09:47.095654Z[0m [32m INFO[0m [STAR_DETECT] Measured 129 sources (eccentricity <= 0.95), 129 at the requested ceiling (<= 0.95), 120 usable (<= 0.70)
[2m2026-08-14T04:09:47.095901Z[0m [32m INFO[0m DeviceManager: camera_start_exposure for sim_camera_1 duration=1
[2m2026-08-14T04:09:47.095911Z[0m [32m INFO[0m camera_start_exposure: Simulator exposure started
[2m2026-08-14T04:09:48.137666Z[0m [32m INFO[0m [STAR_DETECT] Image 1920x1080, pixel range: 501-5430, avg: 515.3
[2m2026-08-14T04:09:48.137706Z[0m [32m INFO[0m [STAR_DETECT] Background: 515.0, Noise: 3.2, Threshold: 531.1 (sigma=5)
[2m2026-08-14T04:09:48.155785Z[0m [32m INFO[0m [STAR_DETECT] Measured 125 sources (eccentricity <= 0.95), 125 at the requested ceiling (<= 0.95), 119 usable (<= 0.70)
[2m2026-08-14T04:09:48.155957Z[0m [32m INFO[0m DeviceManager: camera_start_exposure for sim_camera_1 duration=1
[2m2026-08-14T04:09:48.155972Z[0m [32m INFO[0m camera_start_exposure: Simulator exposure started
[2m2026-08-14T04:09:49.196065Z[0m [32m INFO[0m [STAR_DETECT] Image 1920x1080, pixel range: 502-5293, avg: 515.3
[2m2026-08-14T04:09:49.196112Z[0m [32m INFO[0m [STAR_DETECT] Background: 515.0, Noise: 3.2, Threshold: 531.1 (sigma=5)
[2m2026-08-14T04:09:49.212618Z[0m [32m INFO[0m [STAR_DETECT] Measured 125 sources (eccentricity <= 0.95), 125 at the requested ceiling (<= 0.95), 118 usable (<= 0.70)
[2m2026-08-14T04:09:49.212722Z[0m [32m INFO[0m DeviceManager: camera_start_exposure for sim_camera_1 duration=1
[2m2026-08-14T04:09:49.212729Z[0m [32m INFO[0m camera_start_exposure: Simulator exposure started
[2m2026-08-14T04:09:50.252934Z[0m [32m INFO[0m [STAR_DETECT] Image 1920x1080, pixel range: 502-5347, avg: 515.3
[2m2026-08-14T04:09:50.252964Z[0m [32m INFO[0m [STAR_DETECT] Background: 515.0, Noise: 3.2, Threshold: 531.1 (sigma=5)
[2m2026-08-14T04:09:50.270441Z[0m [32m INFO[0m [STAR_DETECT] Measured 128 sources (eccentricity <= 0.95), 128 at the requested ceiling (<= 0.95), 119 usable (<= 0.70)
[2m2026-08-14T04:09:50.271604Z[0m [32m INFO[0m DeviceManager: camera_start_exposure for sim_camera_1 duration=1
[2m2026-08-14T04:09:50.271612Z[0m [32m INFO[0m camera_start_exposure: Simulator exposure started
[2m2026-08-14T04:09:51.311195Z[0m [32m INFO[0m [STAR_DETECT] Image 1920x1080, pixel range: 502-5424, avg: 515.3
[2m2026-08-14T04:09:51.311218Z[0m [32m INFO[0m [STAR_DETECT] Background: 515.0, Noise: 3.2, Threshold: 531.1 (sigma=5)
[2m2026-08-14T04:09:51.329512Z[0m [32m INFO[0m [STAR_DETECT] Measured 127 sources (eccentricity <= 0.95), 127 at the requested ceiling (<= 0.95), 119 usable (<= 0.70)
[2m2026-08-14T04:09:51.330027Z[0m [32m INFO[0m DeviceManager: camera_start_exposure for sim_camera_1 duration=1
[2m2026-08-14T04:09:51.330040Z[0m [32m INFO[0m camera_start_exposure: Simulator exposure started
[2m2026-08-14T04:09:52.381215Z[0m [32m INFO[0m [STAR_DETECT] Image 1920x1080, pixel range: 502-5384, avg: 515.3
[2m2026-08-14T04:09:52.381269Z[0m [32m INFO[0m [STAR_DETECT] Background: 515.0, Noise: 3.2, Threshold: 531.1 (sigma=5)
[2m2026-08-14T04:09:52.412082Z[0m [32m INFO[0m [STAR_DETECT] Measured 126 sources (eccentricity <= 0.95), 126 at the requested ceiling (<= 0.95), 119 usable (<= 0.70)
[2m2026-08-14T04:09:52.412315Z[0m [32m INFO[0m DeviceManager: camera_start_exposure for sim_camera_1 duration=1
[2m2026-08-14T04:09:52.412327Z[0m [32m INFO[0m camera_start_exposure: Simulator exposure started
[2m2026-08-14T04:09:53.474785Z[0m [32m INFO[0m [STAR_DETECT] Image 1920x1080, pixel range: 501-5398, avg: 515.3
[2m2026-08-14T04:09:53.474827Z[0m [32m INFO[0m [STAR_DETECT] Background: 515.0, Noise: 3.2, Threshold: 531.2 (sigma=5)
[2m2026-08-14T04:09:53.498300Z[0m [32m INFO[0m [STAR_DETECT] Measured 126 sources (eccentricity <= 0.95), 126 at the requested ceiling (<= 0.95), 118 usable (<= 0.70)
[2m2026-08-14T04:09:53.498521Z[0m [32m INFO[0m DeviceManager: camera_start_exposure for sim_camera_1 duration=1
[2m2026-08-14T04:09:53.498537Z[0m [32m INFO[0m camera_start_exposure: Simulator exposure started
[2m2026-08-14T04:09:54.547471Z[0m [32m INFO[0m [STAR_DETECT] Image 1920x1080, pixel range: 502-5442, avg: 515.3
[2m2026-08-14T04:09:54.547496Z[0m [32m INFO[0m [STAR_DETECT] Background: 515.0, Noise: 3.2, Threshold: 531.1 (sigma=5)
[2m2026-08-14T04:09:54.569611Z[0m [32m INFO[0m [STAR_DETECT] Measured 128 sources (eccentricity <= 0.95), 128 at the requested ceiling (<= 0.95), 119 usable (<= 0.70)
[2m2026-08-14T04:09:54.570216Z[0m [32m INFO[0m DeviceManager: camera_start_exposure for sim_camera_1 duration=1
[2m2026-08-14T04:09:54.570227Z[0m [32m INFO[0m camera_start_exposure: Simulator exposure started
[2m2026-08-14T04:09:55.639224Z[0m [32m INFO[0m [STAR_DETECT] Image 1920x1080, pixel range: 502-5396, avg: 515.3
[2m2026-08-14T04:09:55.639256Z[0m [32m INFO[0m [STAR_DETECT] Background: 515.0, Noise: 3.2, Threshold: 531.1 (sigma=5)
[2m2026-08-14T04:09:55.666558Z[0m [32m INFO[0m [STAR_DETECT] Measured 125 sources (eccentricity <= 0.95), 125 at the requested ceiling (<= 0.95), 118 usable (<= 0.70)
[2m2026-08-14T04:09:55.670038Z[0m [32m INFO[0m DeviceManager: camera_start_exposure for sim_camera_1 duration=1
[2m2026-08-14T04:09:55.670058Z[0m [32m INFO[0m camera_start_exposure: Simulator exposure started
[2m2026-08-14T04:09:56.741642Z[0m [32m INFO[0m [STAR_DETECT] Image 1920x1080, pixel range: 502-5428, avg: 515.3
[2m2026-08-14T04:09:56.741686Z[0m [32m INFO[0m [STAR_DETECT] Background: 515.0, Noise: 3.2, Threshold: 531.1 (sigma=5)
[2m2026-08-14T04:09:56.774049Z[0m [32m INFO[0m [STAR_DETECT] Measured 128 sources (eccentricity <= 0.95), 128 at the requested ceiling (<= 0.95), 119 usable (<= 0.70)
[2m2026-08-14T04:09:56.774133Z[0m [32m INFO[0m DeviceManager: camera_start_exposure for sim_camera_1 duration=1
[2m2026-08-14T04:09:56.774141Z[0m [32m INFO[0m camera_start_exposure: Simulator exposure started
[2m2026-08-14T04:09:57.824838Z[0m [32m INFO[0m [STAR_DETECT] Image 1920x1080, pixel range: 501-5429, avg: 515.3
[2m2026-08-14T04:09:57.824878Z[0m [32m INFO[0m [STAR_DETECT] Background: 515.0, Noise: 3.2, Threshold: 531.1 (sigma=5)
[2m2026-08-14T04:09:57.856733Z[0m [32m INFO[0m [STAR_DETECT] Measured 125 sources (eccentricity <= 0.95), 125 at the requested ceiling (<= 0.95), 117 usable (<= 0.70)
[2m2026-08-14T04:09:57.858870Z[0m [32m INFO[0m DeviceManager: camera_start_exposure for sim_camera_1 duration=1
[2m2026-08-14T04:09:57.858887Z[0m [32m INFO[0m camera_start_exposure: Simulator exposure started
[2m2026-08-14T04:09:58.907949Z[0m [32m INFO[0m [STAR_DETECT] Image 1920x1080, pixel range: 501-5281, avg: 515.3
[2m2026-08-14T04:09:58.907975Z[0m [32m INFO[0m [STAR_DETECT] Background: 515.0, Noise: 3.2, Threshold: 531.1 (sigma=5)
[2m2026-08-14T04:09:58.925230Z[0m [32m INFO[0m [STAR_DETECT] Measured 130 sources (eccentricity <= 0.95), 130 at the requested ceiling (<= 0.95), 119 usable (<= 0.70)
[2m2026-08-14T04:09:58.928724Z[0m [32m INFO[0m DeviceManager: camera_start_exposure for sim_camera_1 duration=1
[2m2026-08-14T04:09:58.928738Z[0m [32m INFO[0m camera_start_exposure: Simulator exposure started
[2m2026-08-14T04:09:59.975692Z[0m [32m INFO[0m [STAR_DETECT] Image 1920x1080, pixel range: 501-5326, avg: 515.3
[2m2026-08-14T04:09:59.975718Z[0m [32m INFO[0m [STAR_DETECT] Background: 515.0, Noise: 3.2, Threshold: 531.1 (sigma=5)
[2m2026-08-14T04:09:59.994514Z[0m [32m INFO[0m [STAR_DETECT] Measured 124 sources (eccentricity <= 0.95), 124 at the requested ceiling (<= 0.95), 118 usable (<= 0.70)
[2m2026-08-14T04:09:59.997332Z[0m [32m INFO[0m DeviceManager: camera_start_exposure for sim_camera_1 duration=1
[2m2026-08-14T04:09:59.997349Z[0m [32m INFO[0m camera_start_exposure: Simulator exposure started
[2m2026-08-14T04:10:01.042985Z[0m [32m INFO[0m [STAR_DETECT] Image 1920x1080, pixel range: 502-5236, avg: 515.3
[2m2026-08-14T04:10:01.043016Z[0m [32m INFO[0m [STAR_DETECT] Background: 515.0, Noise: 3.2, Threshold: 531.1 (sigma=5)
[2m2026-08-14T04:10:01.060226Z[0m [32m INFO[0m [STAR_DETECT] Measured 127 sources (eccentricity <= 0.95), 127 at the requested ceiling (<= 0.95), 120 usable (<= 0.70)
[2m2026-08-14T04:10:01.063216Z[0m [32m INFO[0m DeviceManager: camera_start_exposure for sim_camera_1 duration=1
[2m2026-08-14T04:10:01.063227Z[0m [32m INFO[0m camera_start_exposure: Simulator exposure started
[2m2026-08-14T04:10:02.109549Z[0m [32m INFO[0m [STAR_DETECT] Image 1920x1080, pixel range: 502-5296, avg: 515.3
[2m2026-08-14T04:10:02.109571Z[0m [32m INFO[0m [STAR_DETECT] Background: 515.0, Noise: 3.2, Threshold: 531.1 (sigma=5)
[2m2026-08-14T04:10:02.123124Z[0m [32m INFO[0m [STAR_DETECT] Measured 129 sources (eccentricity <= 0.95), 129 at the requested ceiling (<= 0.95), 118 usable (<= 0.70)
[2m2026-08-14T04:10:02.125664Z[0m [32m INFO[0m DeviceManager: camera_start_exposure for sim_camera_1 duration=1
[2m2026-08-14T04:10:02.125673Z[0m [32m INFO[0m camera_start_exposure: Simulator exposure started
[2m2026-08-14T04:10:03.168699Z[0m [32m INFO[0m [STAR_DETECT] Image 1920x1080, pixel range: 502-5248, avg: 515.3
[2m2026-08-14T04:10:03.168725Z[0m [32m INFO[0m [STAR_DETECT] Background: 515.0, Noise: 3.2, Threshold: 531.1 (sigma=5)
[2m2026-08-14T04:10:03.185298Z[0m [32m INFO[0m [STAR_DETECT] Measured 126 sources (eccentricity <= 0.95), 126 at the requested ceiling (<= 0.95), 117 usable (<= 0.70)
[2m2026-08-14T04:10:03.187987Z[0m [32m INFO[0m DeviceManager: camera_start_exposure for sim_camera_1 duration=1
[2m2026-08-14T04:10:03.187996Z[0m [32m INFO[0m camera_start_exposure: Simulator exposure started
[2m2026-08-14T04:10:04.231220Z[0m [32m INFO[0m [STAR_DETECT] Image 1920x1080, pixel range: 501-5275, avg: 515.3
[2m2026-08-14T04:10:04.231247Z[0m [32m INFO[0m [STAR_DETECT] Background: 515.0, Noise: 3.2, Threshold: 531.2 (sigma=5)
[2m2026-08-14T04:10:04.246756Z[0m [32m INFO[0m [STAR_DETECT] Measured 125 sources (eccentricity <= 0.95), 125 at the requested ceiling (<= 0.95), 118 usable (<= 0.70)
[2m2026-08-14T04:10:04.248701Z[0m [32m INFO[0m DeviceManager: camera_start_exposure for sim_camera_1 duration=1
[2m2026-08-14T04:10:04.248710Z[0m [32m INFO[0m camera_start_exposure: Simulator exposure started
[2m2026-08-14T04:10:05.291782Z[0m [32m INFO[0m [STAR_DETECT] Image 1920x1080, pixel range: 502-5386, avg: 515.3
[2m2026-08-14T04:10:05.291813Z[0m [32m INFO[0m [STAR_DETECT] Background: 515.0, Noise: 3.2, Threshold: 531.1 (sigma=5)
[2m2026-08-14T04:10:05.309231Z[0m [32m INFO[0m [STAR_DETECT] Measured 127 sources (eccentricity <= 0.95), 127 at the requested ceiling (<= 0.95), 117 usable (<= 0.70)
[2m2026-08-14T04:10:05.311170Z[0m [32m INFO[0m DeviceManager: camera_start_exposure for sim_camera_1 duration=1
[2m2026-08-14T04:10:05.311179Z[0m [32m INFO[0m camera_start_exposure: Simulator exposure started
[2m2026-08-14T04:10:06.350082Z[0m [32m INFO[0m [STAR_DETECT] Image 1920x1080, pixel range: 502-5351, avg: 515.3
[2m2026-08-14T04:10:06.350107Z[0m [32m INFO[0m [STAR_DETECT] Background: 515.0, Noise: 3.2, Threshold: 531.1 (sigma=5)
[2m2026-08-14T04:10:06.368180Z[0m [32m INFO[0m [STAR_DETECT] Measured 126 sources (eccentricity <= 0.95), 126 at the requested ceiling (<= 0.95), 118 usable (<= 0.70)
[2m2026-08-14T04:10:06.368233Z[0m [32m INFO[0m DeviceManager: camera_start_exposure for sim_camera_1 duration=1
[2m2026-08-14T04:10:06.368241Z[0m [32m INFO[0m camera_start_exposure: Simulator exposure started
[2m2026-08-14T04:10:07.405560Z[0m [32m INFO[0m [STAR_DETECT] Image 1920x1080, pixel range: 502-5285, avg: 515.3
[2m2026-08-14T04:10:07.405583Z[0m [32m INFO[0m [STAR_DETECT] Background: 515.0, Noise: 3.2, Threshold: 531.1 (sigma=5)
[2m2026-08-14T04:10:07.420016Z[0m [32m INFO[0m [STAR_DETECT] Measured 129 sources (eccentricity <= 0.95), 129 at the requested ceiling (<= 0.95), 117 usable (<= 0.70)
[2m2026-08-14T04:10:07.421282Z[0m [32m INFO[0m DeviceManager: camera_start_exposure for sim_camera_1 duration=1
[2m2026-08-14T04:10:07.421290Z[0m [32m INFO[0m camera_start_exposure: Simulator exposure started
[2m2026-08-14T04:10:08.462376Z[0m [32m INFO[0m [STAR_DETECT] Image 1920x1080, pixel range: 502-5370, avg: 515.3
[2m2026-08-14T04:10:08.462403Z[0m [32m INFO[0m [STAR_DETECT] Background: 515.0, Noise: 3.2, Threshold: 531.1 (sigma=5)
[2m2026-08-14T04:10:08.479153Z[0m [32m INFO[0m [STAR_DETECT] Measured 126 sources (eccentricity <= 0.95), 126 at the requested ceiling (<= 0.95), 118 usable (<= 0.70)
[2m2026-08-14T04:10:08.480517Z[0m [32m INFO[0m DeviceManager: camera_start_exposure for sim_camera_1 duration=1
[2m2026-08-14T04:10:08.480525Z[0m [32m INFO[0m camera_start_exposure: Simulator exposure started
[2m2026-08-14T04:10:09.519659Z[0m [32m INFO[0m [STAR_DETECT] Image 1920x1080, pixel range: 502-5300, avg: 515.3
[2m2026-08-14T04:10:09.519682Z[0m [32m INFO[0m [STAR_DETECT] Background: 515.0, Noise: 3.2, Threshold: 531.1 (sigma=5)
[2m2026-08-14T04:10:09.534184Z[0m [32m INFO[0m [STAR_DETECT] Measured 128 sources (eccentricity <= 0.95), 128 at the requested ceiling (<= 0.95), 118 usable (<= 0.70)
[2m2026-08-14T04:10:09.535760Z[0m [32m INFO[0m DeviceManager: camera_start_exposure for sim_camera_1 duration=1
[2m2026-08-14T04:10:09.535769Z[0m [32m INFO[0m camera_start_exposure: Simulator exposure started
[2m2026-08-14T04:10:10.576986Z[0m [32m INFO[0m [STAR_DETECT] Image 1920x1080, pixel range: 502-5331, avg: 515.3
[2m2026-08-14T04:10:10.577008Z[0m [32m INFO[0m [STAR_DETECT] Background: 515.0, Noise: 3.2, Threshold: 531.1 (sigma=5)
[2m2026-08-14T04:10:10.591877Z[0m [32m INFO[0m [STAR_DETECT] Measured 127 sources (eccentricity <= 0.95), 127 at the requested ceiling (<= 0.95), 117 usable (<= 0.70)
[2m2026-08-14T04:10:10.592761Z[0m [32m INFO[0m DeviceManager: camera_start_exposure for sim_camera_1 duration=1
[2m2026-08-14T04:10:10.592769Z[0m [32m INFO[0m camera_start_exposure: Simulator exposure started
[2m2026-08-14T04:10:11.633351Z[0m [32m INFO[0m [STAR_DETECT] Image 1920x1080, pixel range: 501-5251, avg: 515.3
[2m2026-08-14T04:10:11.633384Z[0m [32m INFO[0m [STAR_DETECT] Background: 515.0, Noise: 3.2, Threshold: 531.1 (sigma=5)
[2m2026-08-14T04:10:11.653037Z[0m [32m INFO[0m [STAR_DETECT] Measured 128 sources (eccentricity <= 0.95), 128 at the requested ceiling (<= 0.95), 120 usable (<= 0.70)
[2m2026-08-14T04:10:11.654590Z[0m [32m INFO[0m DeviceManager: camera_start_exposure for sim_camera_1 duration=1
[2m2026-08-14T04:10:11.654599Z[0m [32m INFO[0m camera_start_exposure: Simulator exposure started
[2m2026-08-14T04:10:12.694688Z[0m [32m INFO[0m [STAR_DETECT] Image 1920x1080, pixel range: 503-5308, avg: 515.3
[2m2026-08-14T04:10:12.694713Z[0m [32m INFO[0m [STAR_DETECT] Background: 515.0, Noise: 3.2, Threshold: 531.1 (sigma=5)
[2m2026-08-14T04:10:12.712054Z[0m [32m INFO[0m [STAR_DETECT] Measured 127 sources (eccentricity <= 0.95), 127 at the requested ceiling (<= 0.95), 119 usable (<= 0.70)
[2m2026-08-14T04:10:12.712923Z[0m [32m INFO[0m DeviceManager: camera_start_exposure for sim_camera_1 duration=1
[2m2026-08-14T04:10:12.712934Z[0m [32m INFO[0m camera_start_exposure: Simulator exposure started
[2m2026-08-14T04:10:13.753895Z[0m [32m INFO[0m [STAR_DETECT] Image 1920x1080, pixel range: 502-5281, avg: 515.3
[2m2026-08-14T04:10:13.753924Z[0m [32m INFO[0m [STAR_DETECT] Background: 515.0, Noise: 3.2, Threshold: 531.1 (sigma=5)
[2m2026-08-14T04:10:13.768787Z[0m [32m INFO[0m [STAR_DETECT] Measured 129 sources (eccentricity <= 0.95), 129 at the requested ceiling (<= 0.95), 120 usable (<= 0.70)
[2m2026-08-14T04:10:13.770134Z[0m [32m INFO[0m DeviceManager: camera_start_exposure for sim_camera_1 duration=1
[2m2026-08-14T04:10:13.770141Z[0m [32m INFO[0m camera_start_exposure: Simulator exposure started
[2m2026-08-14T04:10:14.809116Z[0m [32m INFO[0m [STAR_DETECT] Image 1920x1080, pixel range: 502-5237, avg: 515.3
[2m2026-08-14T04:10:14.809148Z[0m [32m INFO[0m [STAR_DETECT] Background: 515.0, Noise: 3.2, Threshold: 531.1 (sigma=5)
[2m2026-08-14T04:10:14.824641Z[0m [32m INFO[0m [STAR_DETECT] Measured 127 sources (eccentricity <= 0.95), 127 at the requested ceiling (<= 0.95), 120 usable (<= 0.70)
[2m2026-08-14T04:10:14.825559Z[0m [32m INFO[0m DeviceManager: camera_start_exposure for sim_camera_1 duration=1
[2m2026-08-14T04:10:14.825567Z[0m [32m INFO[0m camera_start_exposure: Simulator exposure started
[2m2026-08-14T04:10:15.864835Z[0m [32m INFO[0m [STAR_DETECT] Image 1920x1080, pixel range: 502-5365, avg: 515.3
[2m2026-08-14T04:10:15.864861Z[0m [32m INFO[0m [STAR_DETECT] Background: 515.0, Noise: 3.2, Threshold: 531.1 (sigma=5)
[2m2026-08-14T04:10:15.880568Z[0m [32m INFO[0m [STAR_DETECT] Measured 128 sources (eccentricity <= 0.95), 128 at the requested ceiling (<= 0.95), 119 usable (<= 0.70)
[2m2026-08-14T04:10:15.880884Z[0m [32m INFO[0m DeviceManager: camera_start_exposure for sim_camera_1 duration=1
[2m2026-08-14T04:10:15.880892Z[0m [32m INFO[0m camera_start_exposure: Simulator exposure started
[2m2026-08-14T04:10:16.922248Z[0m [32m INFO[0m [STAR_DETECT] Image 1920x1080, pixel range: 502-5243, avg: 515.3
[2m2026-08-14T04:10:16.922275Z[0m [32m INFO[0m [STAR_DETECT] Background: 515.0, Noise: 3.2, Threshold: 531.1 (sigma=5)
[2m2026-08-14T04:10:16.941713Z[0m [32m INFO[0m [STAR_DETECT] Measured 128 sources (eccentricity <= 0.95), 128 at the requested ceiling (<= 0.95), 117 usable (<= 0.70)
[2m2026-08-14T04:10:16.942758Z[0m [32m INFO[0m DeviceManager: camera_start_exposure for sim_camera_1 duration=1
[2m2026-08-14T04:10:16.942768Z[0m [32m INFO[0m camera_start_exposure: Simulator exposure started
[2m2026-08-14T04:10:17.984011Z[0m [32m INFO[0m [STAR_DETECT] Image 1920x1080, pixel range: 502-5282, avg: 515.3
[2m2026-08-14T04:10:17.984042Z[0m [32m INFO[0m [STAR_DETECT] Background: 515.0, Noise: 3.2, Threshold: 531.1 (sigma=5)
[2m2026-08-14T04:10:18.003390Z[0m [32m INFO[0m [STAR_DETECT] Measured 126 sources (eccentricity <= 0.95), 126 at the requested ceiling (<= 0.95), 118 usable (<= 0.70)
[2m2026-08-14T04:10:18.004185Z[0m [32m INFO[0m DeviceManager: camera_start_exposure for sim_camera_1 duration=1
[2m2026-08-14T04:10:18.004196Z[0m [32m INFO[0m camera_start_exposure: Simulator exposure started
[2m2026-08-14T04:10:19.043807Z[0m [32m INFO[0m [STAR_DETECT] Image 1920x1080, pixel range: 501-5223, avg: 515.3
[2m2026-08-14T04:10:19.043833Z[0m [32m INFO[0m [STAR_DETECT] Background: 515.0, Noise: 3.2, Threshold: 531.1 (sigma=5)
[2m2026-08-14T04:10:19.061991Z[0m [32m INFO[0m [STAR_DETECT] Measured 126 sources (eccentricity <= 0.95), 126 at the requested ceiling (<= 0.95), 118 usable (<= 0.70)
[2m2026-08-14T04:10:19.062759Z[0m [32m INFO[0m DeviceManager: camera_start_exposure for sim_camera_1 duration=1
[2m2026-08-14T04:10:19.062768Z[0m [32m INFO[0m camera_start_exposure: Simulator exposure started
[2m2026-08-14T04:10:20.112384Z[0m [32m INFO[0m [STAR_DETECT] Image 1920x1080, pixel range: 502-5193, avg: 515.3
[2m2026-08-14T04:10:20.112407Z[0m [32m INFO[0m [STAR_DETECT] Background: 515.0, Noise: 3.2, Threshold: 531.2 (sigma=5)
[2m2026-08-14T04:10:20.128303Z[0m [32m INFO[0m [STAR_DETECT] Measured 126 sources (eccentricity <= 0.95), 126 at the requested ceiling (<= 0.95), 118 usable (<= 0.70)
[2m2026-08-14T04:10:20.129017Z[0m [32m INFO[0m DeviceManager: camera_start_exposure for sim_camera_1 duration=1
[2m2026-08-14T04:10:20.129024Z[0m [32m INFO[0m camera_start_exposure: Simulator exposure started
[2m2026-08-14T04:10:21.170654Z[0m [32m INFO[0m [STAR_DETECT] Image 1920x1080, pixel range: 502-5263, avg: 515.3
[2m2026-08-14T04:10:21.170678Z[0m [32m INFO[0m [STAR_DETECT] Background: 515.0, Noise: 3.2, Threshold: 531.1 (sigma=5)
[2m2026-08-14T04:10:21.188865Z[0m [32m INFO[0m [STAR_DETECT] Measured 124 sources (eccentricity <= 0.95), 124 at the requested ceiling (<= 0.95), 119 usable (<= 0.70)
